ride_date,num_rides,avg_duration_min,temp_f,max_temp_f,min_temp_f,wind_speed_knots,precip_in,day_of_week,month
2013-07-01,16650,16.3,74.8,78.1,73.4,7.8,0,Monday,7
2013-07-02,22745,16,76.1,82.9,73,8.0,0.73,Tuesday,7
2013-07-03,21864,16.2,78.5,84.9,73.9,8.8,0.06,Wednesday,7
2013-07-04,22326,21.2,82,91,73.9,8.6,0.96,Thursday,7
2013-07-05,21842,18,84.4,93,75.9,9.0,0,Friday,7
2013-07-06,20467,19.3,87,95,77,9.3,0,Saturday,7
2013-07-07,20477,18.6,88.8,98.1,79,8.8,0,Sunday,7
2013-07-08,21615,21.5,83.7,98.1,75,8.9,0,Monday,7
2013-07-09,26641,16.1,82.6,91,75,6.0,0,Tuesday,7
2013-07-10,25732,15.5,82,91,75,8.7,0.08,Wednesday,7
2013-07-11,24417,16.8,82.3,91,75,7.6,0.02,Thursday,7
2013-07-12,19006,15.6,75.4,86,72,9.1,0,Friday,7
2013-07-13,26119,18.6,71.4,78.1,68,10.5,0.23,Saturday,7
2013-07-14,29287,19.4,80.2,93.9,69.1,6.0,0.01,Sunday,7
2013-07-15,28069,15.3,87.2,93.9,72,7.8,0,Monday,7
2013-07-16,29842,15.1,86.5,93.9,79,7.9,0,Tuesday,7
2013-07-17,30550,14.7,87.4,97,78.1,4.0,0,Wednesday,7
2013-07-18,28869,14.4,89.3,100,78.1,6.3,0,Thursday,7
2013-07-19,26591,14.7,92.5,100,82.9,8.9,0,Friday,7
2013-07-20,25278,17.9,89.2,100,82.9,11.3,0,Saturday,7
2013-07-21,30297,18.7,82.2,95,77,7.6,0,Sunday,7
2013-07-22,25979,14.7,77.1,87.1,75,8.3,0,Monday,7
2013-07-23,32376,15.7,80,91,75,7.4,0.58,Tuesday,7
2013-07-24,35271,15.6,79.9,91,75,7.8,0.31,Wednesday,7
2013-07-25,31084,14.9,68,82.9,64,11.7,0,Thursday,7
2013-07-26,34534,15.7,71.5,84,64,8.6,0.02,Friday,7
2013-07-27,32470,18.9,76.9,84,64.9,8.5,0,Saturday,7
2013-07-28,23508,17.5,74.8,84,71.1,7.6,0,Sunday,7
2013-07-29,34915,15.7,77.3,89.1,71.1,5.7,0.13,Monday,7
2013-07-30,37334,15.8,75.9,89.1,70,8.7,0,Tuesday,7
2013-07-31,37261,15.4,76.1,82,70,6.2,0,Wednesday,7
2013-08-01,20138,13.4,73.5,82,69.1,7.6,0,Thursday,8
2013-08-02,35792,16.1,75.5,86,69.1,7.3,0.5,Friday,8
2013-08-03,29540,18.5,76.4,86,70,8.1,0,Saturday,8
2013-08-04,35253,19.7,74.6,81,70,8.7,0.01,Sunday,8
2013-08-05,36776,16.1,71.5,81,64,9.4,0,Monday,8
2013-08-06,37702,16.2,73.9,82,64,6.3,0,Tuesday,8
2013-08-07,34396,14.7,74.4,82,66.9,9.5,0,Wednesday,8
2013-08-08,28366,14.3,75,82,71.1,9.1,0.16,Thursday,8
2013-08-09,29017,15.1,78.2,89.1,71.1,9.2,0.08,Friday,8
2013-08-10,37201,20.4,78.3,89.1,72,8.9,0.04,Saturday,8
2013-08-11,33060,19.4,74.8,84,66.9,5.7,0,Sunday,8
2013-08-12,31457,15.3,74.8,82,66.9,5.5,0.09,Monday,8
2013-08-13,22437,15.6,74,82,70,5.3,0.01,Tuesday,8
2013-08-14,38150,15.6,69.5,78.1,62.1,12.4,0.73,Wednesday,8
2013-08-15,37386,15.3,69.8,78.1,62.1,8.2,0,Thursday,8
2013-08-16,35991,16.4,72.6,81,63,3.7,0,Friday,8
2013-08-17,37285,20.1,73.6,81,66.9,5.2,0,Saturday,8
2013-08-18,27612,16.9,72.5,81,68,5.2,0,Sunday,8
2013-08-19,33127,14.9,73.5,80.1,68,5.5,0,Monday,8
2013-08-20,35843,15,77.5,89.1,68,4.5,0,Tuesday,8
2013-08-21,36315,15.1,81.1,90,70,4.5,0,Wednesday,8
2013-08-22,26629,14.4,77.5,90,73,5.8,0,Thursday,8
2013-08-23,33503,15.7,76.2,81,72,9.0,0.24,Friday,8
2013-08-24,32941,18.1,71.5,81,64,8.9,0,Saturday,8
2013-08-25,31755,19.1,73.8,82.9,64,4.8,0,Sunday,8
2013-08-26,29979,15.5,75.3,84,66.9,9.1,0,Monday,8
2013-08-27,34208,15.1,78.3,86,70,10.6,0.01,Tuesday,8
2013-08-28,28185,14.2,78,86,73,3.2,0.1,Wednesday,8
2013-08-29,34215,14.3,74.6,84.9,71.1,7.3,0,Thursday,8
2013-08-30,32318,15.4,75.4,86,69.1,7.4,0,Friday,8
2013-08-31,25381,17.9,78.5,86,69.1,8.8,0,Saturday,8
2013-09-01,25235,18.4,79.6,86,73,8.0,0,Sunday,9
2013-09-02,21416,16.9,76.9,80.6,71.6,4.8,0,Monday,9
2013-09-03,32411,14.4,76.2,82,72,6.7,0.99,Tuesday,9
2013-09-04,36798,15.1,73.3,82,66,10.4,0.09,Wednesday,9
2013-09-05,35825,14.6,74.3,82,66,9.3,0,Thursday,9
2013-09-06,35868,14.8,64.8,77,57,7.5,0,Friday,9
2013-09-07,34419,17.4,68.3,79,57,6.5,0,Saturday,9
2013-09-08,33196,17.1,73.9,80.1,61,8.7,0,Sunday,9
2013-09-09,35394,15.3,65.9,80.1,57.9,7.7,0,Monday,9
2013-09-10,36954,14.5,74.8,88,57.9,8.8,0,Tuesday,9
2013-09-11,35812,14,83.6,93.9,69.1,7.5,0,Wednesday,9
2013-09-12,31252,13.7,80.6,88,71.1,8.4,0,Thursday,9
2013-09-13,36501,14.7,71.3,86,68,9.4,1.3,Friday,9
2013-09-14,31607,16.7,61.6,77,55.9,10.8,0.03,Saturday,9
2013-09-15,31914,17.3,61.5,73,54,6.9,0,Sunday,9
2013-09-16,31287,13.8,65.8,73,54,6.9,0,Monday,9
2013-09-17,38283,13.9,58.2,72,48.9,10.1,0.02,Tuesday,9
2013-09-18,37957,13.9,61.8,71.1,48.9,5.0,0,Wednesday,9
2013-09-19,39200,14.1,65,77,55,5.4,0,Thursday,9
2013-09-20,39382,14.8,68.1,78.1,57,5.8,0,Friday,9
2013-09-21,31826,17,67.4,78.1,61,9.4,0,Saturday,9
2013-09-22,29758,16.5,66.3,75.9,61,12.9,0.98,Sunday,9
2013-09-23,35152,13.9,58.5,68,52,10.6,0.53,Monday,9
2013-09-24,38417,13.8,59.1,73,50,8.0,0,Tuesday,9
2013-09-25,38223,14,64.1,73,50,5.4,0,Wednesday,9
2013-09-26,38189,13.8,63.9,72,55,6.2,0,Thursday,9
2013-09-27,37412,14.2,61.5,69.1,57,6.4,0,Friday,9
2013-09-28,34931,17,64.4,73,57,7.3,0,Saturday,9
2013-09-29,32592,16.5,64.6,73,57.9,4.9,0,Sunday,9
2013-09-30,37148,13.7,63.9,73,57.9,4.1,0,Monday,9
2013-10-01,40575,13.7,68.9,81,57.9,5.5,0,Tuesday,10
2013-10-02,41383,13.9,73.9,84,62.1,6.0,0,Wednesday,10
2013-10-03,40456,13.7,72.6,84,64.9,4.3,0,Thursday,10
2013-10-04,40195,14.7,74,86,64.9,4.9,0,Friday,10
2013-10-05,34181,16.8,68.3,86,64,6.7,0.03,Saturday,10
2013-10-06,26574,14.7,66.5,73,64,7.6,0.01,Sunday,10
2013-10-07,25016,12.7,70.7,77,64,11.8,0.33,Monday,10
2013-10-08,38365,13.8,61.6,77,55.9,10.2,0,Tuesday,10
2013-10-09,36969,12.8,59.7,66,54,12.3,0,Wednesday,10
2013-10-10,31171,12.4,59.1,66,54,13.2,0,Thursday,10
2013-10-11,33357,13.3,63.7,69.1,54,16.4,0,Friday,10
2013-10-12,32457,16.9,65.7,72,60.1,15.5,0,Saturday,10
2013-10-13,28832,16,60.9,72,57,15.0,0,Sunday,10
2013-10-14,33018,13.9,58,64.9,53.1,6.6,0,Monday,10
2013-10-15,37534,13.5,60.4,70,53.1,4.7,0,Tuesday,10
2013-10-16,36911,13.3,60.1,70,55.9,5.6,0,Wednesday,10
2013-10-17,36888,13.4,64.7,73,57,6.7,0,Thursday,10
2013-10-18,38122,13.9,64.2,73,57.9,11.5,0.01,Friday,10
2013-10-19,29548,15.6,59.4,69.1,54,5.9,0,Saturday,10
2013-10-20,29256,15.9,58.4,64,51.1,10.4,0,Sunday,10
2013-10-21,35012,13.8,59.3,66.9,51.1,7.3,0,Monday,10
2013-10-22,36338,12.6,59.6,68,52,7.6,0,Tuesday,10
2013-10-23,32365,12,52.8,68,50,7.8,0,Wednesday,10
2013-10-24,32251,12.1,48.4,55,43,11.8,0,Thursday,10
2013-10-25,30979,12.5,47.4,55,42.1,13.0,0,Friday,10
2013-10-26,24569,14.6,49.5,55.9,42.1,10.1,0,Saturday,10
2013-10-27,23965,14.7,53,59,43,10.3,0,Sunday,10
2013-10-28,31498,12.8,53,61,44.1,7.7,0,Monday,10
2013-10-29,33414,12.6,50.5,61,44.1,8.0,0,Tuesday,10
2013-10-30,35069,12.2,52.9,60.1,44.1,4.5,0,Wednesday,10
2013-10-31,31444,12.9,59.3,66.9,48,6.2,0,Thursday,10
2013-11-01,30384,13.6,65.9,70,53.1,12.1,0.05,Friday,11
2013-11-02,31013,16.6,61.5,70,55,5.7,0.05,Saturday,11
2013-11-03,20798,13.3,50.9,68,42.1,11.2,0.01,Sunday,11
2013-11-04,27142,12.4,39.5,55.9,34,10.3,0,Monday,11
2013-11-05,31493,12.2,46.8,55,34,6.7,0,Tuesday,11
2013-11-06,34826,13,53.2,61,42.1,5.9,0,Wednesday,11
2013-11-07,25719,11.9,58.3,63,46.9,9.2,0,Thursday,11
2013-11-08,28686,12.6,46,63,41,14.2,0.08,Friday,11
2013-11-09,21734,14.4,44.3,50,39.9,10.3,0,Saturday,11
2013-11-10,19712,13.9,50.1,60.1,39.9,11.0,0,Sunday,11
2013-11-11,27295,12.7,48.6,60.1,44.1,13.6,0,Monday,11
2013-11-12,19925,11.1,43.9,53.1,34,13.4,0.02,Tuesday,11
2013-11-13,23633,11.1,34,52,30,13.4,0.01,Wednesday,11
2013-11-14,27040,13,41,53.1,30,11.6,0,Thursday,11
2013-11-15,29051,12.7,49.1,57,34,6.2,0,Friday,11
2013-11-16,25194,15.3,51.9,59,43,5.5,0.03,Saturday,11
2013-11-17,17995,13.5,52.6,60.8,48.2,4.5,0.02,Sunday,11
2013-11-18,30615,13.2,60.3,64.9,48.9,11.4,0.25,Monday,11
2013-11-19,27417,11.5,48.3,64.9,41,16.8,0.23,Tuesday,11
2013-11-20,26229,11.4,38,51.1,32,9.0,0,Wednesday,11
2013-11-21,28752,11.8,41.6,52,32,6.4,0,Thursday,11
2013-11-22,25448,12.1,52.4,57,36,6.4,0,Friday,11
2013-11-23,18996,14.3,47.4,57,39.9,12.8,0.07,Saturday,11
2013-11-24,9392,11.1,29.4,55,24.1,22.2,0.02,Sunday,11
2013-11-25,19116,11,27.9,35.1,24.1,11.9,0,Monday,11
2013-11-26,14999,13,36,39.9,24.1,7.0,0,Tuesday,11
2013-11-27,7976,11,48,60.1,34,13.7,1.91,Wednesday,11
2013-11-28,5204,13.9,34.1,39.2,30.9,17.9,0.3,Thursday,11
2013-11-29,10127,13.2,34.1,39,30.9,7.2,0,Friday,11
2013-11-30,9863,13.7,31.3,39,25,7.2,0,Saturday,11
2013-12-01,13326,13.6,41.1,48.9,25,3.2,0,Sunday,12
2013-12-02,24576,12.4,44.2,48.9,37,4.5,0,Monday,12
2013-12-03,27431,12.2,44,53.1,37.9,4.0,0,Tuesday,12
2013-12-04,28199,12.3,43.8,53.1,37.9,4.3,0,Wednesday,12
2013-12-05,26988,12.4,48.6,57.9,39,5.3,0.01,Thursday,12
2013-12-06,10736,11.6,50.5,57.9,42.8,7.1,0.05,Friday,12
2013-12-07,15545,12.2,38.2,43,35.6,10.7,0.81,Saturday,12
2013-12-08,10090,12.2,32.1,37.9,28.4,8.7,0.13,Sunday,12
2013-12-09,14824,10.7,34.5,39.2,28.9,10.9,0.19,Monday,12
2013-12-10,12850,11.6,36,39,32,8.5,0.07,Tuesday,12
2013-12-11,18766,12,30.7,39,27,13.2,0.22,Wednesday,12
2013-12-12,17214,11.5,27.6,34,23,12.5,0,Thursday,12
2013-12-13,17888,12.1,28.2,35.1,23,13.0,0,Friday,12
2013-12-14,3701,12.1,28.6,35.1,24.1,12.0,0,Saturday,12
2013-12-15,7462,15.2,33.7,39,24.1,14.2,1.21,Sunday,12
2013-12-16,15562,11.2,31,39,26.1,12.0,0.77,Monday,12
2013-12-17,7863,12.2,27.2,34,24.1,7.3,0,Tuesday,12
2013-12-18,14924,11.5,28.6,37,24.1,9.4,0.16,Wednesday,12
2013-12-19,18766,11.2,36.6,45,24.1,9.6,0,Thursday,12
2013-12-20,22066,14.1,45.2,52,30.9,5.4,0,Friday,12
2013-12-21,17940,14.5,53.6,60.1,37.9,6.6,0,Saturday,12
2013-12-22,15063,15.1,58.4,69.1,50,9.0,0.01,Sunday,12
2013-12-23,6956,11.9,58.5,69.1,50,6.2,0.09,Monday,12
2013-12-24,11025,12.7,39.2,62.1,34,10.7,0.44,Tuesday,12
2013-12-25,3260,13.8,25.6,42.1,19,10.3,0,Wednesday,12
2013-12-26,9763,11.9,31.7,36,19,6.2,0,Thursday,12
2013-12-27,11720,12.4,35.6,39.9,30,10.3,0,Friday,12
2013-12-28,12022,16.3,42.4,55,32,9.3,0,Saturday,12
2013-12-29,3775,12.2,45.2,55,36,7.1,0,Sunday,12
2013-12-30,13241,12.3,40.5,48,28.9,11.3,1.2,Monday,12
2013-12-31,10424,13.2,26,44.1,21,9.9,0,Tuesday,12
2014-01-01,6059,15.4,28.9,33.1,21,9.4,0,Wednesday,1
2014-01-02,8600,13,28.9,33.1,25,14.2,0.01,Thursday,1
2014-01-03,1144,13.4,16.6,32,10.9,16.7,0.3,Friday,1
2014-01-04,2292,20.4,15.8,27,9,6.8,0.25,Saturday,1
2014-01-05,2678,13.7,29.1,35.6,26.1,4.8,0,Sunday,1
2014-01-06,9510,12.8,44.7,53.1,25,11.2,0.17,Monday,1
2014-01-07,6267,12.1,14,36,3.9,19.6,0.24,Tuesday,1
2014-01-08,9246,10.2,12.9,21.9,3.9,11.4,0,Wednesday,1
2014-01-09,13354,10.9,25.7,33.1,9,7.0,0,Thursday,1
2014-01-10,9847,11.2,30.2,34,23,4.8,0,Friday,1
2014-01-11,7695,12.4,43.7,55,27,9.2,0.22,Saturday,1
2014-01-12,12515,12.1,47.6,55.9,34,13.6,0.45,Sunday,1
2014-01-13,20633,11.8,41.8,54,35.1,8.9,0.02,Monday,1
2014-01-14,9999,11.1,45.8,50,35.1,6.6,0.02,Tuesday,1
2014-01-15,21630,11.7,42.4,50,36,5.5,0.36,Wednesday,1
2014-01-16,19953,11.4,39.1,41,37,5.9,0,Thursday,1
2014-01-17,20301,12.2,38.3,46,33.1,5.5,0,Friday,1
2014-01-18,9438,14.1,37.5,46,32,7.7,0,Saturday,1
2014-01-19,9028,13.6,29.8,39,25,12.1,0.15,Sunday,1
2014-01-20,13407,13.1,39.6,46,25,11.1,0,Monday,1
2014-01-21,3804,14.3,25.7,46,14,12.5,0,Tuesday,1
2014-01-22,2451,16.6,12.6,32,7,16.6,0.25,Wednesday,1
2014-01-23,5071,15.4,13.5,21,7,11.9,0,Thursday,1
2014-01-24,6176,13,15.7,21,8.1,12.8,0,Friday,1
2014-01-25,4338,11.5,22,27,10.9,12.6,0,Saturday,1
2014-01-26,4980,12,21.9,27,18,12.7,0.02,Sunday,1
2014-01-27,13119,10.5,33.7,44.1,18,9.4,0,Monday,1
2014-01-28,10033,14.2,18.5,28,12.9,11.8,0,Tuesday,1
2014-01-29,10021,11.2,18.2,23,12.9,8.1,0.05,Wednesday,1
2014-01-30,12158,11.2,21.6,28.9,14,7.5,0,Thursday,1
2014-01-31,14653,11.7,30.5,39,18,7.3,0,Friday,1
2014-02-01,12771,13.7,38.2,44.1,26.1,3.2,0,Saturday,2
2014-02-02,13816,13.7,40.3,55,30,3.3,0,Sunday,2
2014-02-03,2600,13.3,35.6,55,30,8.2,0.27,Monday,2
2014-02-04,8709,12.5,29.6,42.1,25,6.2,0.81,Tuesday,2
2014-02-05,2746,15.4,31.5,36,25,9.0,0.74,Wednesday,2
2014-02-06,7196,17.3,28.4,34,21.9,8.6,0.44,Thursday,2
2014-02-07,8495,17.5,28.5,33.1,21.9,8.9,0,Friday,2
2014-02-08,5986,17.4,26.8,33.1,21.9,8.0,0,Saturday,2
2014-02-09,4996,17.1,26.1,28.9,21,6.5,0,Sunday,2
2014-02-10,6846,14.4,25.9,28.9,21,12.4,0.1,Monday,2
2014-02-11,8343,16.5,22.6,28.9,18,11.3,0,Tuesday,2
2014-02-12,8580,14.1,19,26.1,14,9.2,0,Wednesday,2
2014-02-13,876,81.1,28.7,36,14,15.8,0.18,Thursday,2
2014-02-14,3609,28.9,35.4,39.9,24.1,16.4,1.75,Friday,2
2014-02-15,2261,18.4,34.5,39,30.2,9.7,0.25,Saturday,2
2014-02-16,3003,21.3,27.2,37,21.9,14.0,0.05,Sunday,2
2014-02-17,4854,16.1,24.4,33.1,19,11.2,0,Monday,2
2014-02-18,5140,14.6,30.6,39.9,19,7.2,0.05,Tuesday,2
2014-02-19,8506,14.2,36.4,45,25,5.3,0.1,Wednesday,2
2014-02-20,11792,13.6,42.5,50,28,8.1,0.25,Thursday,2
2014-02-21,8680,11.8,37.1,46.9,33.8,8.2,0.02,Friday,2
2014-02-22,13044,16.5,45.5,55,34,9.4,0.11,Saturday,2
2014-02-23,13324,15.6,48,55,37.9,5.2,0,Sunday,2
2014-02-24,12922,12.6,40,54,33.1,13.2,0,Monday,2
2014-02-25,12830,11.4,28.7,44.1,24.1,12.9,0,Tuesday,2
2014-02-26,11188,11.1,28,33.1,24.1,9.2,0,Wednesday,2
2014-02-27,12036,10.5,24.7,33.1,19,9.6,0.01,Thursday,2
2014-02-28,9587,11.1,17.3,33.1,10,13.3,0,Friday,2
2014-03-01,9202,11.9,26.6,37.9,10,5.6,0,Saturday,3
2014-03-02,8195,11.2,36.6,39,21,6.0,0,Sunday,3
2014-03-03,7708,11.5,25.9,39,19.9,10.6,0.01,Monday,3
2014-03-04,10398,10.3,20.3,32,12.9,6.4,0,Tuesday,3
2014-03-05,13801,10.5,30.6,37,12.9,5.1,0,Wednesday,3
2014-03-06,12773,10.2,24.2,37,16,10.2,0,Thursday,3
2014-03-07,13304,11,29.2,36,16,10.2,0,Friday,3
2014-03-08,16350,15.9,41.6,55.9,26.1,7.3,0,Saturday,3
2014-03-09,12262,12.7,41.4,55.9,35.1,11.3,0,Sunday,3
2014-03-10,17231,11.2,41.9,51.1,35.1,8.7,0,Monday,3
2014-03-11,24356,12.9,52.3,64.9,37,7.0,0,Tuesday,3
2014-03-12,15101,11,48.1,64.9,39,7.4,0,Wednesday,3
2014-03-13,10979,10.7,28.8,54,19,20.9,0.35,Thursday,3
2014-03-14,16299,10.9,29.7,44.1,19,12.9,0,Friday,3
2014-03-15,18053,14.8,47.9,57.9,39,11.1,0,Saturday,3
2014-03-16,9851,12.3,37.7,57.9,30,14.2,0,Sunday,3
2014-03-17,12503,10.6,28.3,33.1,23,9.3,0,Monday,3
2014-03-18,16679,11.3,32.1,41,23,9.4,0,Tuesday,3
2014-03-19,13341,10.9,35.8,45,27,9.4,0,Wednesday,3
2014-03-20,19695,12,45.3,53.1,30.9,11.4,0.99,Thursday,3
2014-03-21,20718,12.2,43.7,53.1,39,14.1,0,Friday,3
2014-03-22,19880,16.1,48.4,63,37,9.7,0,Saturday,3
2014-03-23,11740,12.3,41.5,63,35.1,11.0,0,Sunday,3
2014-03-24,13598,10.5,28.1,42.1,21.9,12.8,0,Monday,3
2014-03-25,16037,10.4,31.6,37.9,21.9,7.5,0,Tuesday,3
2014-03-26,14500,10.2,33.4,37.9,26.1,16.8,0,Wednesday,3
2014-03-27,16666,11.4,30.1,42.1,23,12.7,0,Thursday,3
2014-03-28,18425,12.2,44.9,60.1,23,8.1,0,Friday,3
2014-03-29,4480,11.1,48.3,60.1,37.9,6.7,0.03,Saturday,3
2014-03-30,7907,12.8,44.1,55,41,12.4,1.97,Sunday,3
2014-03-31,17085,11.8,42.1,53.1,35.6,15.2,0.29,Monday,3
2014-04-01,23908,12.9,45.9,59,36,8.5,0.02,Tuesday,4
2014-04-02,22515,12,45.6,59,39,5.7,0,Wednesday,4
2014-04-03,26321,12.9,50.7,64,41,3.9,0,Thursday,4
2014-04-04,12566,10.7,44.7,51.1,39.2,9.8,0.09,Friday,4
2014-04-05,18655,15,45.3,54,39,12.8,0.17,Saturday,4
2014-04-06,20750,16.6,44.9,59,37,9.7,0,Sunday,4
2014-04-07,14677,11.3,46.1,59,37,6.9,0,Monday,4
2014-04-08,21884,12.1,51,64.9,41,10.7,0.99,Tuesday,4
2014-04-09,26931,12.8,51.4,64.9,43,13.2,0.01,Wednesday,4
2014-04-10,27463,12.7,49.8,59,42.1,10.4,0,Thursday,4
2014-04-11,26798,13.8,59.2,73.9,42.1,8.8,0,Friday,4
2014-04-12,27108,17.6,58.8,73.9,48.9,6.6,0,Saturday,4
2014-04-13,26871,18.4,59.8,73.9,48.9,8.2,0,Sunday,4
2014-04-14,28832,14.8,61.7,73.9,50,10.5,0,Monday,4
2014-04-15,10523,10.6,56.9,61,44.6,13.7,0.1,Tuesday,4
2014-04-16,20082,11.9,38.9,46.9,32,14.1,0.82,Wednesday,4
2014-04-17,22282,12.4,41.1,46.9,32,11.4,0.05,Thursday,4
2014-04-18,20770,12.4,39.9,46.9,35.1,7.1,0,Friday,4
2014-04-19,24369,18.4,50.6,64.9,35.1,6.8,0,Saturday,4
2014-04-20,18464,16.7,51.6,64.9,42.1,9.2,0,Sunday,4
2014-04-21,27124,13.9,49.9,63,41,5.4,0,Monday,4
2014-04-22,27259,12.7,56.4,66,41,7.7,0,Tuesday,4
2014-04-23,26949,12.4,55.6,66,48,16.0,0,Wednesday,4
2014-04-24,28107,13,49.4,62.1,43,17.9,0,Thursday,4
2014-04-25,27919,13.5,52.3,60.1,43,8.9,0,Friday,4
2014-04-26,19899,16.2,52,64,44.6,8.2,0.7,Saturday,4
2014-04-27,21926,15.8,51.3,64,45,10.8,0.06,Sunday,4
2014-04-28,28557,13.4,53.7,64,46,7.3,0,Monday,4
2014-04-29,18404,11,49.9,64,44.1,13.4,0,Tuesday,4
2014-04-30,2867,9.5,44.5,51.1,42.1,14.1,0.55,Wednesday,4
2014-05-01,26762,14.3,59.3,77,42.1,7.9,4.88,Thursday,5
2014-05-02,32377,14,62.8,77,48.9,7.6,0.01,Friday,5
2014-05-03,25501,18.1,61.7,69.1,54,7.2,0,Saturday,5
2014-05-04,21277,15.4,58.7,69.1,54,12.2,0.03,Sunday,5
2014-05-05,30288,14.4,57.5,66.9,50,15.6,0,Monday,5
2014-05-06,32233,14.3,59.2,68,50,8.6,0,Tuesday,5
2014-05-07,32882,13.3,59,68,51.1,7.0,0,Wednesday,5
2014-05-08,17619,12.2,55.6,68,51.1,6.7,0.32,Thursday,5
2014-05-09,22641,12.3,54.9,63,52,5.5,0.09,Friday,5
2014-05-10,21832,15.4,65.4,82,52,7.1,0.02,Saturday,5
2014-05-11,28326,18.8,69.3,82,55,9.8,0.93,Sunday,5
2014-05-12,31644,14.4,73.2,82,62.1,4.4,0.02,Monday,5
2014-05-13,32847,13.4,65.8,82,59,7.7,0,Tuesday,5
2014-05-14,30044,12.9,56.5,71.1,51.1,7.1,0,Wednesday,5
2014-05-15,26057,13,60.7,75,51.1,8.5,0.14,Thursday,5
2014-05-16,17784,11.7,67.2,75,54,15.9,0.03,Friday,5
2014-05-17,29912,17.7,62.2,71.1,54,9.8,1.58,Saturday,5
2014-05-18,27436,17.1,60.4,70,53.1,7.6,0,Sunday,5
2014-05-19,31692,13.4,60.4,70,53.1,10.5,0,Monday,5
2014-05-20,35567,14.1,65.5,77,53.1,8.9,0,Tuesday,5
2014-05-21,34420,13.4,69.7,77,57,6.7,0,Wednesday,5
2014-05-22,24535,12.2,62.9,75,57.9,6.2,0.27,Thursday,5
2014-05-23,24484,12.9,60.3,68,57,6.0,0.01,Friday,5
2014-05-24,16798,16,60.2,68,57,6.2,1.09,Saturday,5
2014-05-25,25637,20.1,65.5,81,55.9,5.4,0.02,Sunday,5
2014-05-26,26930,19.5,75.2,87.1,55.9,7.2,0,Monday,5
2014-05-27,32936,14.4,79.5,87.1,66,7.6,0,Tuesday,5
2014-05-28,29690,12.5,61.3,86,54,11.7,0,Wednesday,5
2014-05-29,33889,13.3,55.6,63,51.1,9.8,0,Thursday,5
2014-05-30,34343,14.1,63.2,75.9,51.1,4.1,0,Friday,5
2014-05-31,27734,16.7,64,75.9,55.9,10.6,0.03,Saturday,5
2014-06-01,31333,18,65.1,77,57,6.0,0.01,Sunday,6
2014-06-02,34519,14.7,69.7,79,57,9.3,0,Monday,6
2014-06-03,29501,13.4,75.7,84.9,61,7.4,0,Tuesday,6
2014-06-04,36068,13.8,69.5,84.9,62.1,6.8,0.06,Wednesday,6
2014-06-05,24619,13.6,67,81,62.1,7.9,0.4,Thursday,6
2014-06-06,37719,14.5,67.8,75.9,61,11.3,0.3,Friday,6
2014-06-07,31204,17.9,71.5,82,61,6.4,0,Saturday,6
2014-06-08,30162,18.1,76.4,84.9,63,5.5,0,Sunday,6
2014-06-09,18611,12.9,68,84.9,62.1,7.0,0.45,Monday,6
2014-06-10,33435,13.3,66.9,75.2,63,6.5,0.79,Tuesday,6
2014-06-11,30548,13.4,65.6,75,61,9.5,0.04,Wednesday,6
2014-06-12,29084,12.6,63.6,75.9,59,9.0,0.01,Thursday,6
2014-06-13,18308,12.7,65.7,75.9,59,8.4,0.14,Friday,6
2014-06-14,28417,16.8,69.6,75.9,62.1,10.1,1.43,Saturday,6
2014-06-15,28382,17.3,67.6,79,61,10.0,0,Sunday,6
2014-06-16,34932,14.3,72,81,61,5.3,0,Monday,6
2014-06-17,35097,14.1,76.7,88,64,6.7,0,Tuesday,6
2014-06-18,35531,13.6,83.2,88,70,11.2,0,Wednesday,6
2014-06-19,31724,13.7,74.8,88,68,5.4,0,Thursday,6
2014-06-20,34405,16.7,73.3,80.1,66,8.0,0,Friday,6
2014-06-21,30288,17.2,70,75.9,62.1,8.4,0,Saturday,6
2014-06-22,29417,16.6,70.1,77,64,6.4,0,Sunday,6
2014-06-23,32580,13.9,73.2,82,64,6.2,0,Monday,6
2014-06-24,35897,13.7,73.5,82,66.9,10.8,0,Tuesday,6
2014-06-25,34340,13.1,75.4,84,69.1,10.3,0,Wednesday,6
2014-06-26,34846,13.6,77.5,86,71.1,6.3,0.07,Thursday,6
2014-06-27,35823,14.7,74.5,86,68,7.5,0,Friday,6
2014-06-28,28507,16.9,75.6,87.1,68,5.4,0,Saturday,6
2014-06-29,27986,17.3,74.9,87.1,69.1,7.5,0,Sunday,6
2014-06-30,33597,13.8,75.8,84,69.1,9.0,0,Monday,6
2014-07-01,34854,13.2,79,88,69.1,10.2,0,Tuesday,7
2014-07-02,26582,12.6,81.7,91,73,10.1,0,Wednesday,7
2014-07-03,27587,13.3,78.9,91,72,6.3,0.65,Thursday,7
2014-07-04,13612,15.5,71.1,89.1,64.9,8.5,0.71,Friday,7
2014-07-05,22913,18.3,71.8,82.9,64.9,13.7,0.16,Saturday,7
2014-07-06,23822,20.2,78.2,87.1,64.9,9.5,0,Sunday,7
2014-07-07,31863,14,81.3,91.9,69.1,11.4,0,Monday,7
2014-07-08,32713,13.3,83.8,93,72,10.7,0.18,Tuesday,7
2014-07-09,34426,13.3,79.5,93,72,10.2,0,Wednesday,7
2014-07-10,36288,13.7,76.3,88,70,5.5,0,Thursday,7
2014-07-11,35000,14,76.9,84.9,70,6.1,0,Friday,7
2014-07-12,28718,16.7,77,86,70,7.0,0,Saturday,7
2014-07-13,24869,15.3,75.3,86,71.1,10.1,0,Sunday,7
2014-07-14,25825,12.6,77.2,84.9,71.1,6.3,0.41,Monday,7
2014-07-15,22963,12.2,76.3,88,72,7.0,0.57,Tuesday,7
2014-07-16,35391,13.6,73.8,88,68,6.4,0.93,Wednesday,7
2014-07-17,38619,13.7,75,82.9,68,4.8,0,Thursday,7
2014-07-18,36105,14.5,74.6,82.9,68,6.1,0,Friday,7
2014-07-19,29291,16.6,73.1,82,68,6.0,0,Saturday,7
2014-07-20,30296,17.1,71.2,77,66.9,9.1,0,Sunday,7
2014-07-21,35670,13.7,74,84,66.9,4.4,0,Monday,7
2014-07-22,36886,13.6,78.1,87.1,66.9,7.3,0,Tuesday,7
2014-07-23,34173,13.1,80.2,89.1,72,9.9,0,Wednesday,7
2014-07-24,36693,13.7,76.8,89.1,73,7.9,0.12,Thursday,7
2014-07-25,36384,14.2,74.6,82,66.9,6.9,0,Friday,7
2014-07-26,27179,16.5,75.7,82.9,66.9,7.9,0,Saturday,7
2014-07-27,27004,16.2,77.5,88,71.1,8.5,0,Sunday,7
2014-07-28,33189,13.5,78.2,88,70,9.4,0.26,Monday,7
2014-07-29,37092,13.6,70.6,84,64.9,11.4,0,Tuesday,7
2014-07-30,37377,13.6,72.5,82.9,64.9,6.5,0,Wednesday,7
2014-07-31,35458,13.7,75.1,82.9,64.9,8.6,0,Thursday,7
2014-08-01,32654,13.5,76.7,86,70,7.3,0,Friday,8
2014-08-02,26784,16.5,71.1,86,64.9,8.7,0.34,Saturday,8
2014-08-03,25276,16.5,69.6,75.9,64.9,4.8,0.12,Sunday,8
2014-08-04,33822,14,75.4,84,66,5.4,0.01,Monday,8
2014-08-05,34392,13.7,79.7,89.1,71.1,4.4,0,Tuesday,8
2014-08-06,36336,13.6,76.9,89.1,71.1,7.1,0,Wednesday,8
2014-08-07,36362,13.9,75.2,84,66.9,8.1,0,Thursday,8
2014-08-08,34073,14.1,74,82.9,66,7.1,0,Friday,8
2014-08-09,31636,18.4,77.5,87.1,66,4.0,0,Saturday,8
2014-08-10,26749,17.2,78.9,87.1,70,4.8,0,Sunday,8
2014-08-11,33664,13.8,79.7,87.1,71.1,5.9,0,Monday,8
2014-08-12,26261,12,75.5,87.1,72,11.1,0,Tuesday,8
2014-08-13,27977,13.2,73.4,86,68,13.5,0.77,Wednesday,8
2014-08-14,35154,14.4,72,86,64,11.6,0.15,Thursday,8
2014-08-15,32480,13.9,69.6,79,63,9.2,0,Friday,8
2014-08-16,32017,18.7,71.7,79,63,7.1,0,Saturday,8
2014-08-17,27417,16.8,74.7,82.9,66,7.7,0,Sunday,8
2014-08-18,34339,14.1,72.6,82.9,64,8.8,0.01,Monday,8
2014-08-19,35367,13.9,72.5,81,64,6.9,0,Tuesday,8
2014-08-20,35532,14,75.4,84,64.9,6.2,0,Wednesday,8
2014-08-21,33804,13.8,75,84,69.1,6.3,0.07,Thursday,8
2014-08-22,30406,13.6,71.2,81,64,7.6,1.2,Friday,8
2014-08-23,26429,16.3,70.1,75.9,66.9,8.2,0.04,Saturday,8
2014-08-24,27493,17.6,72,80.1,64.9,6.2,0,Sunday,8
2014-08-25,32892,13.8,75.4,86,64.9,4.4,0,Monday,8
2014-08-26,34519,13.5,79,86,68,4.6,0,Tuesday,8
2014-08-27,33721,13.7,79,89.1,71.1,7.0,0,Wednesday,8
2014-08-28,33927,13.8,76.5,89.1,70,8.9,0,Thursday,8
2014-08-29,31264,14.2,70.3,80.1,64,8.0,0,Friday,8
2014-08-30,22689,17.2,71.7,79,64,6.7,0,Saturday,8
2014-08-31,18053,17,77.4,91.9,66.9,9.4,0,Sunday,8
2014-09-01,23575,19.5,80.3,91.9,73,5.6,0.79,Monday,9
2014-09-02,30507,13.6,84.3,93,75.9,6.8,0,Tuesday,9
2014-09-03,35535,13.6,80.2,93,73,9.6,0,Wednesday,9
2014-09-04,36496,14.1,78.5,86,71.1,6.1,0,Thursday,9
2014-09-05,34831,14.3,78.3,86,71.1,8.0,0,Friday,9
2014-09-06,25833,15.8,80.8,91,73,8.0,0,Saturday,9
2014-09-07,29721,17.5,73.1,91,66,8.2,0.21,Sunday,9
2014-09-08,34335,14.3,71,80.1,64.9,9.4,0,Monday,9
2014-09-09,34518,13.6,68.1,77,64,12.5,0,Tuesday,9
2014-09-10,37653,14.2,68.5,75,62.6,9.3,0,Wednesday,9
2014-09-11,37081,13.4,73.8,84,63,9.1,0,Thursday,9
2014-09-12,37204,15.8,70.6,84,63,9.6,0,Friday,9
2014-09-13,17293,15.2,65.1,71.1,60.8,10.5,0,Saturday,9
2014-09-14,28688,17.4,62.1,71.1,55,7.4,0.19,Sunday,9
2014-09-15,35045,14.7,63.6,73,55,6.5,0,Monday,9
2014-09-16,25633,13,63.9,73,55,5.6,0.01,Tuesday,9
2014-09-17,37453,13.7,65.9,73,57.9,4.3,0.41,Wednesday,9
2014-09-18,37381,15.1,67.6,75,59,4.6,0,Thursday,9
2014-09-19,34713,13.8,62.1,75,55,10.3,0,Friday,9
2014-09-20,30011,16.8,65,73.9,55,9.1,0,Saturday,9
2014-09-21,26080,16.3,70.4,77,57.9,3.5,0.21,Sunday,9
2014-09-22,33239,13.5,68.8,77,61,11.1,0,Monday,9
2014-09-23,36347,14.3,60.9,73,54,7.0,0,Tuesday,9
2014-09-24,35481,14.2,65,73,54,8.1,0,Wednesday,9
2014-09-25,16650,12.3,62.6,70,57.9,13.0,0.02,Thursday,9
2014-09-26,35116,14.9,66.4,77,57.9,7.0,0.15,Friday,9
2014-09-27,30193,18.1,72.6,82.9,60.1,3.6,0,Saturday,9
2014-09-28,29021,18.3,73.4,84,64.9,3.2,0,Sunday,9
2014-09-29,33161,15.1,72.7,84,64.9,4.1,0,Monday,9
2014-09-30,35093,15.2,69,73.9,64.4,6.2,0,Tuesday,9
2014-10-01,27942,12.3,63.3,66.2,60.8,8.4,0.04,Wednesday,10
2014-10-02,34492,14.1,63.3,68,60.1,9.1,0,Thursday,10
2014-10-03,34944,15.3,62.4,69.1,57,6.8,0,Friday,10
2014-10-04,13354,14.1,65,71.1,57,10.0,0.07,Saturday,10
2014-10-05,23456,15.7,54.2,71.1,46.9,12.2,0.98,Sunday,10
2014-10-06,31742,13.7,59.2,71.1,46.9,8.5,0,Monday,10
2014-10-07,32892,13.5,67.1,72,51.1,11.4,0,Tuesday,10
2014-10-08,33607,16.7,67.6,73,64,13.5,0.06,Wednesday,10
2014-10-09,32203,13.7,64.2,73,57.9,12.6,0.03,Thursday,10
2014-10-10,30887,14.8,60.3,69.1,54,6.5,0,Friday,10
2014-10-11,12965,14.3,56.2,62.1,51.8,6.2,0.13,Saturday,10
2014-10-12,23394,17.6,55.1,62.1,48.9,5.3,0.2,Sunday,10
2014-10-13,22752,13.4,58.8,66,48.9,4.4,0,Monday,10
2014-10-14,32614,18.7,67.6,75.9,53.1,8.5,0.03,Tuesday,10
2014-10-15,28743,13.5,71.9,78.1,64,12.9,0,Wednesday,10
2014-10-16,26754,13.6,69.8,78.1,64.9,11.0,0.72,Thursday,10
2014-10-17,34132,15.3,65.8,72,61,8.7,0.08,Friday,10
2014-10-18,24978,17.9,64.1,72,60.1,8.9,0,Saturday,10
2014-10-19,18840,14.5,54.5,70,48,14.8,0,Sunday,10
2014-10-20,27914,17.2,49.8,61,44.1,8.4,0,Monday,10
2014-10-21,31330,13.2,60,68,44.1,5.6,0,Tuesday,10
2014-10-22,9169,11.8,57,68,52,11.5,0.35,Wednesday,10
2014-10-23,13371,12.2,52.2,59,51.1,15.6,1,Thursday,10
2014-10-24,29837,13.5,54.7,62.1,51.1,11.2,0.23,Friday,10
2014-10-25,24952,16.6,58.7,68,51.1,8.3,0,Saturday,10
2014-10-26,20768,15.5,59.6,68,52,13.3,0,Sunday,10
2014-10-27,28806,14.1,57,64,51.1,11.0,0,Monday,10
2014-10-28,32956,13,60.4,72,51.1,6.1,0,Tuesday,10
2014-10-29,29999,12.7,64.2,72,53.1,7.1,0,Wednesday,10
2014-10-30,31133,13.2,54,72,50,8.4,0,Thursday,10
2014-10-31,27785,18.1,49.9,57.9,45,9.3,0,Friday,10
2014-11-01,6002,11.2,48.1,55,45,15.1,0.05,Saturday,11
2014-11-02,14100,16.1,44.6,48,42.1,19.4,0.17,Sunday,11
2014-11-03,26757,13.7,48.1,62.1,41,13.6,0,Monday,11
2014-11-04,31174,13.3,60.2,69.1,41,8.5,0,Tuesday,11
2014-11-05,30539,14.5,61.4,69.1,55,9.0,0,Wednesday,11
2014-11-06,12283,12.1,52.7,64,48,5.3,0.13,Thursday,11
2014-11-07,25355,12.3,49.6,59,45,12.9,0.21,Friday,11
2014-11-08,17443,14.5,42.4,52,37.9,11.0,0,Saturday,11
2014-11-09,18207,15.2,49.9,57,37.9,6.2,0,Sunday,11
2014-11-10,27655,12.9,51.8,61,42.1,3.4,0,Monday,11
2014-11-11,29358,12.8,54.9,64,42.1,5.0,0,Tuesday,11
2014-11-12,27807,12.9,58.7,66,46.9,5.6,0,Wednesday,11
2014-11-13,20652,14,45.7,66,39.9,5.3,0,Thursday,11
2014-11-14,21082,12.6,39.3,48,36,12.4,0.2,Friday,11
2014-11-15,14057,13,37.8,43,34,9.7,0.03,Saturday,11
2014-11-16,13272,13,39.4,44.1,34,5.4,0,Sunday,11
2014-11-17,8116,12.4,43.6,53.1,35.1,5.8,0.51,Monday,11
2014-11-18,16691,11.1,37.1,53.1,28,16.2,1,Tuesday,11
2014-11-19,16694,13,26.7,46,21.9,12.9,0,Wednesday,11
2014-11-20,20611,12,38.1,46,21.9,11.2,0,Thursday,11
2014-11-21,17806,10.8,33.1,46,28,15.8,0,Friday,11
2014-11-22,12682,13.6,34.3,43,28,8.8,0,Saturday,11
2014-11-23,15669,14.3,46.9,55,28.9,7.9,0,Sunday,11
2014-11-24,23031,12.7,57.5,64,44.1,10.6,0.61,Monday,11
2014-11-25,25580,14.1,60.1,66.9,48.9,9.7,0,Tuesday,11
2014-11-26,3675,12.8,44,53.1,33.8,9.8,0,Wednesday,11
2014-11-27,3945,11.9,36.5,51.1,34,11.3,1.07,Thursday,11
2014-11-28,8378,11.9,34.4,37.9,30.9,13.1,0.01,Friday,11
2014-11-29,8183,12,31.4,37,28.9,5.9,0,Saturday,11
2014-11-30,12384,14.8,46.5,53.1,28.9,7.7,0,Sunday,11
2014-12-01,18519,12.9,55.4,64,44.1,7.6,0,Monday,12
2014-12-02,15367,11.4,39.7,46,35.1,12.3,0.05,Tuesday,12
2014-12-03,13472,14.2,43.5,46.9,35.1,8.3,0.12,Wednesday,12
2014-12-04,21335,11.9,42,46.9,37.9,11.3,0.09,Thursday,12
2014-12-05,15818,12.2,38.4,46,34,9.3,0,Friday,12
2014-12-06,4047,13,44.9,48.9,34,4.1,0.7,Saturday,12
2014-12-07,10510,11.9,39.4,48.9,34,15.3,1.14,Sunday,12
2014-12-08,15557,11.2,29.8,34,24.8,13.7,0.03,Monday,12
2014-12-09,6713,11.4,38.7,45,25,18.1,0.45,Tuesday,12
2014-12-10,10399,11.3,38.6,45,32,14.8,2.26,Wednesday,12
2014-12-11,18141,12,34.2,37,30.2,14.9,0.02,Thursday,12
2014-12-12,17892,11.4,34.5,37.9,30.9,12.7,0.03,Friday,12
2014-12-13,12549,16.9,37.2,44.1,32,13.7,0,Saturday,12
2014-12-14,11941,13.5,40.4,45,35.1,11.3,0,Sunday,12
2014-12-15,19382,12,41.6,48.9,37,5.9,0,Monday,12
2014-12-16,16816,11.9,41.5,48.9,36,5.6,0,Tuesday,12
2014-12-17,20346,11.7,46.5,53.1,36,8.6,0.19,Wednesday,12
2014-12-18,19051,11.2,41,53.1,37.9,15.4,0.03,Thursday,12
2014-12-19,17200,11.4,36.8,43,33.1,13.5,0,Friday,12
2014-12-20,9582,11.2,31.9,37.9,30,7.8,0,Saturday,12
2014-12-21,8747,12.4,33.1,36,30,5.7,0,Sunday,12
2014-12-22,13560,12.2,37.9,43,32,7.1,0,Monday,12
2014-12-23,9422,11.7,44.1,46.4,42.8,9.9,0.17,Tuesday,12
2014-12-24,4285,11.7,44.5,54,42.8,7.8,0.08,Wednesday,12
2014-12-25,4890,19,52.6,63,43,12.0,0.71,Thursday,12
2014-12-26,9895,14.2,45.3,63,39.9,9.4,0.07,Friday,12
2014-12-27,10247,16.1,47.4,55,39.9,4.6,0,Saturday,12
2014-12-28,7902,13,48.1,55,42.1,6.8,0,Sunday,12
2014-12-29,13549,13.3,41.3,52,37.9,10.0,0.1,Monday,12
2014-12-30,12196,11.5,32.6,44.1,28.9,8.0,0,Tuesday,12
2014-12-31,9739,12.7,29.4,35.1,27,7.8,0,Wednesday,12
2015-01-01,5317,13.4,31.2,39,27,11.5,0,Thursday,1
2015-01-02,11304,12.2,38.6,42.1,27,12.6,0,Friday,1
2015-01-03,4478,10.9,35.2,42.1,30.9,8.1,0,Saturday,1
2015-01-04,7849,11.3,45.1,57,30.9,8.4,0.85,Sunday,1
2015-01-05,14506,10.6,42.5,57,28.9,18.2,0.13,Monday,1
2015-01-06,8739,10.6,21.2,28.9,17.6,8.7,0,Tuesday,1
2015-01-07,9646,9.8,21.7,25,15.1,14.8,0.05,Wednesday,1
2015-01-08,8779,9.9,13.2,25,8.1,14.6,0,Thursday,1
2015-01-09,7930,10.6,24,33.1,8.1,13.3,0,Friday,1
2015-01-10,6109,9.9,21.7,33.1,17.1,13.3,0.06,Saturday,1
2015-01-11,7467,10.4,24.8,37,17.1,8.5,0,Sunday,1
2015-01-12,8645,10.4,36,37.9,19,5.6,0,Monday,1
2015-01-13,12797,10.3,30.2,39,19,12.1,0.39,Tuesday,1
2015-01-14,13086,10.4,22,36,17.1,9.1,0,Wednesday,1
2015-01-15,14075,10.6,29.5,34,17.1,7.6,0,Thursday,1
2015-01-16,13843,10.4,34,42.1,25,13.0,0,Friday,1
2015-01-17,7491,11,22.3,42.1,17.1,11.8,0,Saturday,1
2015-01-18,1795,12.1,32.7,41,17.1,4.6,0,Sunday,1
2015-01-19,10710,11.5,39.4,43,28.9,12.3,1.98,Monday,1
2015-01-20,16129,10.8,37.2,42.1,34,9.6,0,Tuesday,1
2015-01-21,15234,10.4,30.5,39.9,25,7.0,0,Wednesday,1
2015-01-22,15864,10.7,34,39,25,5.3,0,Thursday,1
2015-01-23,15737,10.7,32.4,39,28,9.9,0,Friday,1
2015-01-24,4814,10.5,35.1,39.9,28,8.3,0.66,Saturday,1
2015-01-25,9379,12,37.6,42.1,32,12.8,0.07,Sunday,1
2015-01-26,4141,11.1,26.6,35.1,21.2,14.7,0,Monday,1
2015-01-27,1214,15.9,24.4,30,19.9,14.9,0.45,Tuesday,1
2015-01-28,5401,14.2,23.5,34,17.1,11.7,0.01,Wednesday,1
2015-01-29,8870,12.5,26.3,34,17.1,6.1,0,Thursday,1
2015-01-30,9015,10.9,33.9,37,21,10.8,0.07,Friday,1
2015-01-31,5188,10.4,20.4,37,12.9,21.5,0.01,Saturday,1
2015-02-01,6441,10.6,27.5,36,12.9,8.8,0,Sunday,2
2015-02-02,1459,15.3,29.6,36,19.9,11.2,0.84,Monday,2
2015-02-03,4754,12.8,19.3,33.1,14,13.4,0.26,Tuesday,2
2015-02-04,8973,11.6,30,39.9,14,5.6,0,Wednesday,2
2015-02-05,9208,10.4,33.2,41,21,12.1,0,Thursday,2
2015-02-06,8575,10.6,18.1,39.9,12,13.3,0,Friday,2
2015-02-07,6790,11.4,29,36,12,7.1,0,Saturday,2
2015-02-08,6662,11.1,33,36,26.1,8.9,0.01,Sunday,2
2015-02-09,5160,10.6,28.9,35.6,25.9,15.3,0.03,Monday,2
2015-02-10,10328,10.6,29.9,39,26.1,11.0,0.04,Tuesday,2
2015-02-11,11439,10.8,28.4,39,21.9,9.3,0,Wednesday,2
2015-02-12,11269,10.8,32.3,39.9,21.9,6.9,0,Thursday,2
2015-02-13,7642,10.4,17.6,39.9,9,18.2,0,Friday,2
2015-02-14,4614,10.4,22.9,32,9,7.1,0,Saturday,2
2015-02-15,2581,9.5,20.5,32,10.9,19.7,0.01,Sunday,2
2015-02-16,3998,9.9,10.2,26.1,3.9,15.4,0,Monday,2
2015-02-17,4784,10.8,19.4,28,3.9,6.6,0.11,Tuesday,2
2015-02-18,9170,10.8,24.2,30.9,14,5.0,0.02,Wednesday,2
2015-02-19,7799,9.9,22,30.9,15.1,14.9,0,Thursday,2
2015-02-20,6159,10,10.9,27,3,18.2,0,Friday,2
2015-02-21,3157,9.8,20.1,28.9,3,8.0,0.01,Saturday,2
2015-02-22,4274,12,34.1,42.1,14,3.7,0.71,Sunday,2
2015-02-23,7458,10.5,29.3,42.1,16,14.0,0.11,Monday,2
2015-02-24,7402,10.7,12.4,37.9,6.1,9.9,0,Tuesday,2
2015-02-25,10751,10.9,27.7,37.9,6.1,8.7,0,Wednesday,2
2015-02-26,9901,11.3,26.9,37.9,21,9.3,0,Thursday,2
2015-02-27,9864,11,23.7,32,19,7.3,0,Friday,2
2015-02-28,6318,10.8,22.1,30,15.1,7.2,0,Saturday,2
2015-03-01,2879,12.3,26.7,30,15.1,4.4,0,Sunday,3
2015-03-02,7283,11.3,32.2,37.9,24.1,9.0,0.48,Monday,3
2015-03-03,6533,12.7,28.4,37.9,24.1,9.8,0,Tuesday,3
2015-03-04,7514,11.7,38.9,46.9,24.1,8.0,0.73,Wednesday,3
2015-03-05,1637,15.4,32.9,44.1,21.2,8.6,0.46,Thursday,3
2015-03-06,5162,12.3,21,41,15.1,7.1,0.38,Friday,3
2015-03-07,5590,14.8,26.8,37.9,15.1,9.3,0,Saturday,3
2015-03-08,7898,13.7,40.2,48,35.1,8.4,0,Sunday,3
2015-03-09,14878,12.6,44.9,54,35.1,6.5,0.02,Monday,3
2015-03-10,11781,12.1,40.7,54,33.1,4.6,0.11,Tuesday,3
2015-03-11,19561,13.4,46.4,60.1,33.1,7.5,0.44,Wednesday,3
2015-03-12,17530,12.2,45.3,60.1,37,16.4,0.02,Thursday,3
2015-03-13,16145,12.1,37.1,46.9,30.9,8.4,0,Friday,3
2015-03-14,3906,12.1,43.6,51.8,37.4,7.1,0.21,Saturday,3
2015-03-15,8838,12.1,44.1,51.1,37,14.0,0.81,Sunday,3
2015-03-16,16787,11.9,40.2,51.1,36,9.3,0,Monday,3
2015-03-17,14857,11.8,47.9,54,36,10.6,0,Tuesday,3
2015-03-18,13842,11.3,33.7,37.9,28.9,19.6,0.01,Wednesday,3
2015-03-19,15446,12.8,33.5,42.1,28,10.7,0,Thursday,3
2015-03-20,8052,11.1,34.4,42.1,28.9,8.4,0,Friday,3
2015-03-21,9338,13.6,34.9,46.9,28.9,7.1,0.29,Saturday,3
2015-03-22,9676,12.5,39.9,48,28.9,13.8,0.01,Sunday,3
2015-03-23,13538,10.8,30.5,44.1,24.1,12.3,0,Monday,3
2015-03-24,16166,11.3,33.6,44.1,24.1,7.4,0,Tuesday,3
2015-03-25,14670,11.7,39.1,48,26.1,5.7,0,Wednesday,3
2015-03-26,14954,11.8,45.2,57,32,4.4,0.05,Thursday,3
2015-03-27,14107,11.6,44.9,57,37.9,7.7,0.52,Friday,3
2015-03-28,1107,12.7,37.6,46,33.1,10.7,0.28,Saturday,3
2015-03-29,9826,14.2,33.5,46,27,10.3,0,Sunday,3
2015-03-30,18075,12.1,42.2,55,27,10.8,0,Monday,3
2015-03-31,14250,12.7,42.8,55,34,9.6,0,Tuesday,3
2015-04-01,20146,13.2,39.8,51.1,34,8.5,0.14,Wednesday,4
2015-04-02,24227,20.8,49.9,63,34,8.4,0,Thursday,4
2015-04-03,14774,13.7,59.2,63,39,9.5,0,Friday,4
2015-04-04,14355,15,52,63,46.9,14.3,0.04,Saturday,4
2015-04-05,13799,18.1,50.1,62.1,43,11.2,0,Sunday,4
2015-04-06,23391,15.1,46.7,62.1,39,7.8,0,Monday,4
2015-04-07,16262,11.7,50.6,60.1,39,7.7,0.01,Tuesday,4
2015-04-08,17872,13.8,43,57,39.9,12.3,0.16,Wednesday,4
2015-04-09,16546,11.8,39.3,46,37,12.4,0,Thursday,4
2015-04-10,16317,12.3,43,57.2,39.2,6.9,0.25,Friday,4
2015-04-11,18643,16.4,55.3,57.2,51.1,14.7,0.24,Saturday,4
2015-04-12,19954,19.1,51.3,64.9,44.1,7.6,0,Sunday,4
2015-04-13,24925,15.2,55.6,64.9,44.1,8.0,0,Monday,4
2015-04-14,22703,12.6,59.3,64.9,46.9,7.0,0,Tuesday,4
2015-04-15,27594,16.2,59.1,70,51.1,7.4,0,Wednesday,4
2015-04-16,27180,13.5,56.5,70,46.9,7.4,0,Thursday,4
2015-04-17,24175,15.1,59.7,71.1,46.9,9.0,0.08,Friday,4
2015-04-18,28174,22.2,66,79,54,5.7,0,Saturday,4
2015-04-19,21475,18.1,57.6,79,50,8.8,0,Sunday,4
2015-04-20,11202,12,50.6,61,45,13.2,0,Monday,4
2015-04-21,24868,16.3,57.4,66.9,45,9.0,0.95,Tuesday,4
2015-04-22,21997,12.9,58.8,66.9,50,8.9,0.07,Wednesday,4
2015-04-23,22074,14.4,47.4,66.9,42.1,13.5,0.1,Thursday,4
2015-04-24,20981,14.7,43.4,50,39,16.1,0,Friday,4
2015-04-25,21082,18.4,46.1,60.1,39,11.8,0,Saturday,4
2015-04-26,21594,19,52,61,39,5.2,0,Sunday,4
2015-04-27,25501,13.1,53.8,61,45,9.9,0,Monday,4
2015-04-28,29795,14.8,57.2,72,48.9,11.5,0,Tuesday,4
2015-04-29,31532,14.7,64.2,75.9,51.1,8.8,0,Wednesday,4
2015-04-30,29252,15.6,52.4,75.9,46.9,13.1,0,Thursday,4
2015-05-01,27924,14.4,52.6,64,46.9,7.6,0,Friday,5
2015-05-02,25743,19.3,53.9,69.1,48,4.7,0,Saturday,5
2015-05-03,27694,20.5,59.5,75.9,48,6.4,0,Sunday,5
2015-05-04,32066,16.7,66.5,82,51.1,7.1,0,Monday,5
2015-05-05,33012,16.9,72.7,82,54,7.5,0,Tuesday,5
2015-05-06,30313,14.5,65.3,81,59,6.4,0,Wednesday,5
2015-05-07,34871,15.4,64.6,75.9,52,5.2,0,Thursday,5
2015-05-08,34304,16.3,64.2,79,52,6.3,0,Friday,5
2015-05-09,24329,19.6,58,79,53.1,8.4,0,Saturday,5
2015-05-10,26573,20.3,66.3,82,53.1,6.0,0.01,Sunday,5
2015-05-11,32382,16.5,74.4,82.9,57,9.4,0,Monday,5
2015-05-12,35225,15.2,74.9,87.1,64,9.1,0,Tuesday,5
2015-05-13,33402,15.5,65.1,87.1,57.9,15.3,0,Wednesday,5
2015-05-14,40826,16.9,59.7,72,52,8.5,0,Thursday,5
2015-05-15,34945,16,63.2,73.9,52,7.6,0,Friday,5
2015-05-16,23882,18.8,65.2,75,55.9,6.5,0.01,Saturday,5
2015-05-17,30969,19.9,70.4,82.9,57,3.2,0.28,Sunday,5
2015-05-18,31559,16.2,63.6,75.9,55.4,7.5,0.02,Monday,5
2015-05-19,33895,14,61.6,82,55,6.2,0.01,Tuesday,5
2015-05-20,33823,13.9,62,82,55,13.2,0,Wednesday,5
2015-05-21,31214,13.8,57.1,66,53.1,7.0,0,Thursday,5
2015-05-22,31891,15.4,61.8,75,53.1,9.9,0,Friday,5
2015-05-23,23910,20.4,59.3,75,50,11.5,0,Saturday,5
2015-05-24,25151,21.7,65.7,81,50,8.7,0,Sunday,5
2015-05-25,28164,20.1,72.5,82.9,55.9,8.8,0,Monday,5
2015-05-26,35786,15.2,75.2,86,64.9,10.3,0,Tuesday,5
2015-05-27,33710,13.7,73.5,86,66.9,9.9,0,Wednesday,5
2015-05-28,35934,14,73.4,84,66.9,7.0,0.02,Thursday,5
2015-05-29,37756,15.6,73,84,64,7.2,0,Friday,5
2015-05-30,31147,18.9,73.1,82.9,64,9.8,0,Saturday,5
2015-05-31,19586,18.4,74.6,86,66,9.6,0,Sunday,5
2015-06-01,15283,10.9,57.4,86,54,13.8,1.69,Monday,6
2015-06-02,11984,11.2,52,57.9,50,10.2,0.47,Tuesday,6
2015-06-03,34590,13.8,58.2,69.1,50,7.3,0.24,Wednesday,6
2015-06-04,32772,13.4,58.1,69.1,53.1,9.4,0,Thursday,6
2015-06-05,31294,13.5,59.5,68,54,6.5,0,Friday,6
2015-06-06,26334,18.1,65.7,73.9,55.9,7.3,0.55,Saturday,6
2015-06-07,30773,19.4,65.3,73.9,57,7.6,0,Sunday,6
2015-06-08,33585,14.5,67.5,77,57,11.6,0,Monday,6
2015-06-09,35412,13.7,73.3,84.9,62.1,10.1,0.05,Tuesday,6
2015-06-10,39350,15.8,74.2,84.9,66,8.2,0.01,Wednesday,6
2015-06-11,37400,14.4,80.2,91.9,66,8.8,0,Thursday,6
2015-06-12,35136,14.6,80.7,91.9,71.1,7.7,0,Friday,6
2015-06-13,29980,19.4,80.5,88,71.1,10.1,0,Saturday,6
2015-06-14,28184,18.8,77,87.1,68,6.3,0,Sunday,6
2015-06-15,25087,13,70.3,79,62.6,9.0,0.79,Monday,6
2015-06-16,32147,13.4,68.1,79,62.6,7.1,0.02,Tuesday,6
2015-06-17,38030,14.4,73.9,79,64,8.3,0.34,Wednesday,6
2015-06-18,35464,13.1,66.8,69.8,64.4,7.5,0,Thursday,6
2015-06-19,37380,14.7,73.2,84.9,64.9,6.0,0,Friday,6
2015-06-20,23580,16.7,69.5,84.9,64,8.3,0,Saturday,6
2015-06-21,25926,18.1,75,90,64,9.4,0.25,Sunday,6
2015-06-22,37677,15.1,79.6,90,69.1,10.1,0.29,Monday,6
2015-06-23,32294,13.7,84.4,91.9,72,10.3,0,Tuesday,6
2015-06-24,41070,15.2,77.1,91.9,69.1,10.1,0.07,Wednesday,6
2015-06-25,39673,14.3,76.8,84.9,69.1,6.0,0,Thursday,6
2015-06-26,38614,15.5,74.8,84.9,69.1,7.7,0,Friday,6
2015-06-27,15485,15.9,69,80.1,62.1,8.5,0,Saturday,6
2015-06-28,20591,17.5,64.2,73.9,60.1,12.4,1.32,Sunday,6
2015-06-29,38037,15.3,71.3,78.1,62.1,10.1,0.26,Monday,6
2015-06-30,38087,14.5,75.3,82,64,9.5,0,Tuesday,6
2015-07-01,37539,14.6,76.4,84.9,70,9.7,0.35,Wednesday,7
2015-07-02,35559,17.7,75.7,84.9,70,6.4,0,Thursday,7
2015-07-03,26928,18.5,73.5,81,66.9,4.8,0,Friday,7
2015-07-04,21706,22.6,71.8,81,66.9,6.9,0,Saturday,7
2015-07-05,25920,20,75.1,84.9,69.1,4.6,0,Sunday,7
2015-07-06,35251,15.1,77.1,84.9,70,6.2,0,Monday,7
2015-07-07,36837,14.4,79.5,88,71.1,9.2,0,Tuesday,7
2015-07-08,35047,14.5,82,89.1,75,7.7,0,Wednesday,7
2015-07-09,31978,15.3,73.8,89.1,68,6.4,0.09,Thursday,7
2015-07-10,38559,15.9,75.8,84,68,9.4,0.29,Friday,7
2015-07-11,31719,18.8,78.6,86,72,3.8,0,Saturday,7
2015-07-12,31037,20.1,81.1,89.1,72,4.9,0,Sunday,7
2015-07-13,38485,15.6,80.4,89.1,73,6.9,0,Monday,7
2015-07-14,35802,14,76.1,84.9,71.1,6.8,0,Tuesday,7
2015-07-15,34979,14.4,75.9,81,71.1,6.5,0.95,Wednesday,7
2015-07-16,42356,17,72.1,81,64,8.7,0.01,Thursday,7
2015-07-17,39595,16.1,73.5,80.1,64,9.0,0,Friday,7
2015-07-18,28870,18.4,76.3,86,68,9.5,0,Saturday,7
2015-07-19,28531,19.2,84.3,93.9,72,5.9,0.18,Sunday,7
2015-07-20,34889,15,89.1,95,78.1,7.1,0,Monday,7
2015-07-21,38499,14.5,86,95,80.1,6.3,0,Tuesday,7
2015-07-22,42557,15.7,77.1,91.9,71.1,11.8,0,Wednesday,7
2015-07-23,42175,14.8,77.1,86,71.1,9.2,0,Thursday,7
2015-07-24,40330,15.1,78.2,84.9,71.1,5.4,0,Friday,7
2015-07-25,31639,20.2,78.1,84.9,71.1,6.3,0,Saturday,7
2015-07-26,30543,18.4,79.8,89.1,71.1,9.6,0,Sunday,7
2015-07-27,38747,15.5,79.9,89.1,75,8.6,0.05,Monday,7
2015-07-28,40434,14,82.8,93.9,75.9,5.0,0,Tuesday,7
2015-07-29,39428,13.7,86.3,95,75.9,5.8,0,Wednesday,7
2015-07-30,31166,13.4,82.1,95,75,8.8,0,Thursday,7
2015-07-31,38571,15,81.1,91,73.9,6.8,1.62,Friday,7
2015-08-01,35179,20,83.7,91,73.9,7.8,0,Saturday,8
2015-08-02,31622,19.2,81,90,73,6.5,0,Sunday,8
2015-08-03,38888,14.9,82.5,91.9,73,9.1,0,Monday,8
2015-08-04,40783,14.2,83.1,91,69.8,9.7,0.3,Tuesday,8
2015-08-05,41075,14.3,80.5,91,70,6.3,0,Wednesday,8
2015-08-06,42283,14.3,76.3,88,64.9,6.7,0,Thursday,8
2015-08-07,40999,15.6,75.8,82,69.1,8.3,0,Friday,8
2015-08-08,38723,21.2,74.7,82,69.1,6.0,0,Saturday,8
2015-08-09,32716,24.3,75.7,87.1,69.1,6.8,0,Sunday,8
2015-08-10,39870,20.9,74.5,84,70,8.5,0,Monday,8
2015-08-11,25066,21.2,75.1,82.4,71.1,10.9,0.67,Tuesday,8
2015-08-12,42994,18.3,77.3,84.9,71.1,9.4,0.51,Wednesday,8
2015-08-13,42170,17.9,75.7,84.9,69.1,7.6,0,Thursday,8
2015-08-14,39983,16.1,78.9,88,69.1,5.2,0,Friday,8
2015-08-15,37821,21.4,81.4,91.9,71.1,6.5,0,Saturday,8
2015-08-16,30344,19.5,82.8,91.9,73.9,4.9,0,Sunday,8
2015-08-17,37449,14.1,84.7,93,77,4.8,0,Monday,8
2015-08-18,39916,14.1,83.4,93,77,8.5,0,Tuesday,8
2015-08-19,40726,15.1,80.2,89.1,75.9,9.6,0,Wednesday,8
2015-08-20,39280,14.2,81,87.1,75.9,11.0,0,Thursday,8
2015-08-21,38038,14.4,78.7,87.1,71.1,9.1,0.32,Friday,8
2015-08-22,34277,20,76.6,86,70,6.8,0,Saturday,8
2015-08-23,33071,18.2,75.8,84,70,5.9,0,Sunday,8
2015-08-24,38943,14.5,78.5,86,71.1,5.5,0,Monday,8
2015-08-25,41655,16.3,80.6,88,73,8.3,0,Tuesday,8
2015-08-26,42832,14.3,76.9,88,69.1,9.3,0,Wednesday,8
2015-08-27,43173,14.4,74.2,82.9,68,9.0,0,Thursday,8
2015-08-28,41755,15.3,73.1,82.9,66,5.3,0,Friday,8
2015-08-29,34381,21.1,76.8,84.9,66,5.3,0,Saturday,8
2015-08-30,32913,18.8,79.1,90,70,7.4,0,Sunday,8
2015-08-31,40119,14.1,82.7,91.9,72,7.5,0.08,Monday,8
2015-09-01,43291,14.2,82.6,91.9,75.9,6.3,0,Tuesday,9
2015-09-02,43225,15.4,80.2,88,75,5.6,0,Wednesday,9
2015-09-03,42879,13.9,82.6,93,75,4.9,0,Thursday,9
2015-09-04,39956,15.9,80.3,93,75,8.6,0,Friday,9
2015-09-05,34005,20.4,72.9,84,66.9,8.7,0,Saturday,9
2015-09-06,33199,20.8,73.9,84,66.9,5.1,0,Sunday,9
2015-09-07,33682,19.9,77.8,90,66.9,7.9,0,Monday,9
2015-09-08,42766,15.7,83.3,95,71.1,7.8,0,Tuesday,9
2015-09-09,44005,13.6,81.1,88,75.2,10.4,0,Wednesday,9
2015-09-10,22253,12.5,75.3,89.1,72,8.5,0.66,Thursday,9
2015-09-11,47613,15.5,72.4,81,66,8.8,0.52,Friday,9
2015-09-12,33661,19.3,74.6,81,66,7.2,0,Saturday,9
2015-09-13,34794,20.1,72.6,79,68,8.8,0.22,Sunday,9
2015-09-14,44668,16.6,66.6,79,59,12.8,0.05,Monday,9
2015-09-15,48729,17.1,73.2,84,59,6.2,0,Tuesday,9
2015-09-16,51179,16.3,76.8,87.1,64.9,2.7,0,Wednesday,9
2015-09-17,50705,17.2,78,87.1,68,4.1,0,Thursday,9
2015-09-18,50285,17.8,76.9,87.1,70,5.0,0,Friday,9
2015-09-19,43011,23.1,73.9,84.9,69.1,7.7,0,Saturday,9
2015-09-20,40462,22.2,73.3,80.1,69.1,10.8,0,Sunday,9
2015-09-21,47180,16.6,65.4,75.9,59,11.0,0,Monday,9
2015-09-22,48685,16.3,66.3,73,59,10.8,0,Tuesday,9
2015-09-23,48366,17.7,67.6,79,59,6.3,0,Wednesday,9
2015-09-24,52706,18,69.9,81,59,6.4,0,Thursday,9
2015-09-25,51368,18.6,68.5,81,63,9.7,0,Friday,9
2015-09-26,42560,21.3,65.9,70,60.8,9.5,0,Saturday,9
2015-09-27,38285,20.8,62.2,70,55.9,9.1,0,Sunday,9
2015-09-28,48011,17.8,68.5,79,55.9,6.3,0,Monday,9
2015-09-29,48725,17.2,74.7,82.9,64.9,5.5,0,Tuesday,9
2015-09-30,39445,14.5,73.2,82.9,66,10.6,1.05,Wednesday,9
2015-10-01,34719,18.4,59.4,78.1,54,13.6,0.06,Thursday,10
2015-10-02,9444,18.7,53.9,57.9,50,16.3,0.13,Friday,10
2015-10-03,16564,20.2,51.6,55,48.2,21.6,1.45,Saturday,10
2015-10-04,30214,20.9,57.1,63,48.9,18.2,0.02,Sunday,10
2015-10-05,44581,18.5,57.2,64.9,51.8,11.5,0,Monday,10
2015-10-06,49719,17.5,62.4,73,52,5.0,0,Tuesday,10
2015-10-07,50141,16.4,64.6,73,55,5.5,0,Wednesday,10
2015-10-08,50179,18,64.2,73,59,5.9,0,Thursday,10
2015-10-09,37283,22,66.9,78.1,60.1,7.7,0,Friday,10
2015-10-10,39345,23.6,60,78.1,52,8.1,0.5,Saturday,10
2015-10-11,38967,25.4,59.7,70,52,6.2,0,Sunday,10
2015-10-12,45584,18.6,64.5,75.9,53.1,6.4,0,Monday,10
2015-10-13,49047,17,66.1,75.9,55.9,6.8,0,Tuesday,10
2015-10-14,49998,15.8,64.5,73,59,9.2,0,Wednesday,10
2015-10-15,48783,17.1,58.5,68,52,9.1,0,Thursday,10
2015-10-16,46484,17.6,59,64,52,10.0,0,Friday,10
2015-10-17,31809,20.5,52.9,64,48,11.6,0,Saturday,10
2015-10-18,23978,16.8,44.4,55,39,11.4,0,Sunday,10
2015-10-19,36570,16.3,43.5,53.1,37,8.1,0,Monday,10
2015-10-20,45376,16.7,56,71.1,37,10.5,0,Tuesday,10
2015-10-21,49121,16.5,65.5,75.9,48.9,5.9,0,Wednesday,10
2015-10-22,49604,17.3,65,75.9,57,7.2,0,Thursday,10
2015-10-23,44679,17.5,60,75.9,52,11.0,0,Friday,10
2015-10-24,31713,19.3,48.3,64.9,41,7.7,0,Saturday,10
2015-10-25,29289,19.5,59.3,68,41,9.1,0.01,Sunday,10
2015-10-26,42165,15.2,53,68,48,8.4,0.02,Monday,10
2015-10-27,44553,14.9,52.2,59,46,6.0,0,Tuesday,10
2015-10-28,20736,14.4,56.9,70,46,12.7,0,Wednesday,10
2015-10-29,45358,16.4,67.6,73.9,51.1,13.5,1.26,Thursday,10
2015-10-30,44518,15.9,56.8,73.9,51.1,13.4,0.01,Friday,10
2015-10-31,31756,20.5,49,60.1,43,7.8,0,Saturday,10
2015-11-01,30622,20.2,57.3,64.9,43,7.1,0,Sunday,11
2015-11-02,44534,16.6,60.2,64.9,53.1,4.9,0,Monday,11
2015-11-03,49326,18,61.3,73,51.1,2.5,0,Tuesday,11
2015-11-04,49487,16.9,61.5,73,51.1,3.6,0,Wednesday,11
2015-11-05,43006,15.3,62,71.1,55,3.3,0,Thursday,11
2015-11-06,47162,17.1,68.3,75,57,7.5,0,Friday,11
2015-11-07,35586,21.3,65.9,75,57,9.2,0,Saturday,11
2015-11-08,32317,19.8,53.5,72,48,9.9,0,Sunday,11
2015-11-09,42262,15.8,53,60.1,46,2.9,0,Monday,11
2015-11-10,21585,13,56,60.1,46,9.6,0,Tuesday,11
2015-11-11,37705,14.9,53.2,59,50,12.7,0.5,Wednesday,11
2015-11-12,37319,13.3,55.2,60.1,50,8.0,0.23,Thursday,11
2015-11-13,38970,14.5,56.8,60.1,51.1,16.1,0.01,Friday,11
2015-11-14,25299,17.2,47.8,59,45,16.2,0,Saturday,11
2015-11-15,25990,18.1,47.4,59,42.1,8.5,0,Sunday,11
2015-11-16,40916,15.3,58.8,68,42.1,5.7,0,Monday,11
2015-11-17,38939,14.4,49.1,68,41,10.7,0,Tuesday,11
2015-11-18,41485,14,50.5,59,41,7.3,0,Wednesday,11
2015-11-19,21890,14.6,59.7,64,45,11.7,0,Thursday,11
2015-11-20,38205,16.3,58.9,64.4,53.1,12.5,1.16,Friday,11
2015-11-21,28038,16.9,47.2,64,43,8.7,0,Saturday,11
2015-11-22,23343,16.7,52.1,55.9,43,7.9,0,Sunday,11
2015-11-23,30136,13.3,41.8,55.9,36,13.2,0,Monday,11
2015-11-24,32218,13.3,39.2,46.9,33.1,7.2,0,Tuesday,11
2015-11-25,30295,15.1,44,48.9,33.1,6.5,0,Wednesday,11
2015-11-26,13291,23.7,48.1,60.1,39.9,3.9,0,Thursday,11
2015-11-27,22824,18.5,55.6,64.9,41,5.0,0,Friday,11
2015-11-28,15830,18,57.2,64.9,46.9,6.8,0,Saturday,11
2015-11-29,18452,16,43,46.9,37.9,8.7,0.03,Sunday,11
2015-11-30,30213,12.7,39.8,46,33.8,10.5,0,Monday,11
2015-12-01,18399,12.9,47.1,53.6,44.1,9.6,0.13,Tuesday,12
2015-12-02,23782,13.5,48.1,55.4,46,5.1,0.24,Wednesday,12
2015-12-03,33917,13.2,51.4,57.2,46.9,11.5,0.1,Thursday,12
2015-12-04,34737,14.6,46.9,55.9,44.1,10.5,0,Friday,12
2015-12-05,26358,21.2,47.1,52,43,4.1,0,Saturday,12
2015-12-06,24943,19.7,47.1,53.1,39.9,3.6,0,Sunday,12
2015-12-07,34139,14.1,48.8,55,39.9,4.5,0,Monday,12
2015-12-08,35614,13.7,45.3,55,41,6.5,0,Tuesday,12
2015-12-09,35306,14.5,45.7,53.1,39,4.2,0,Wednesday,12
2015-12-10,39099,14.7,55,61,39,6.0,0,Thursday,12
2015-12-11,39060,15.9,54.3,61,48.9,5.4,0,Friday,12
2015-12-12,31957,20,59,66,48.9,3.6,0,Saturday,12
2015-12-13,32001,19.7,57.1,66,53.1,3.3,0,Sunday,12
2015-12-14,32518,13.5,53.7,62.1,51.1,5.6,0,Monday,12
2015-12-15,38661,13.8,60.7,64.4,55,12.4,0.39,Tuesday,12
2015-12-16,35643,13.3,50,64,45,10.8,0.11,Wednesday,12
2015-12-17,21961,14.4,53.4,59,48,6.5,0.05,Thursday,12
2015-12-18,30704,14.7,51.1,59,43,9.6,0.88,Friday,12
2015-12-19,17778,15,39.2,57,36,15.5,0.01,Saturday,12
2015-12-20,17030,16.2,39.8,44.1,36,12.0,0,Sunday,12
2015-12-21,29800,12.9,45.6,55,36,8.0,0,Monday,12
2015-12-22,22941,13.5,56.8,62.6,55,6.4,0,Tuesday,12
2015-12-23,14817,13.4,54.2,62.1,50,6.1,0.18,Wednesday,12
2015-12-24,18447,18.8,64,72,50,9.2,1.46,Thursday,12
2015-12-25,12333,34.9,60.3,72,54,2.3,0.01,Friday,12
2015-12-26,13914,23.2,54.5,64,50,7.7,0.03,Saturday,12
2015-12-27,13177,21.1,52.4,62.6,46,6.8,0.14,Sunday,12
2015-12-28,18889,14.8,44.8,62.1,39,11.7,0.02,Monday,12
2015-12-29,13347,12.1,40.2,46.9,33.8,12.7,0.37,Tuesday,12
2015-12-30,22477,15.9,41.8,48,34,4.8,0.13,Wednesday,12
2015-12-31,20376,16.8,47,48.2,46,5.7,0.17,Thursday,12
2016-01-01,11009,20.2,41.9,50,39,11.8,0.03,Friday,1
2016-01-02,14587,17.1,37.3,43,34,11.9,0,Saturday,1
2016-01-03,15499,15.7,40,46.9,34,9.9,0,Sunday,1
2016-01-04,19593,12.9,33.7,46.9,21,13.9,0,Monday,1
2016-01-05,18053,11.4,19.5,37.9,12.9,13.8,0,Tuesday,1
2016-01-06,24569,13.9,32.2,43,12.9,4.2,0,Wednesday,1
2016-01-07,27773,12.9,39,48,26.1,3.7,0,Thursday,1
2016-01-08,28709,14,40.3,48,32,7.0,0,Friday,1
2016-01-09,20846,14.8,43.7,48,34,10.8,0,Saturday,1
2016-01-10,14275,15.2,50.9,59,41,12.7,0.63,Sunday,1
2016-01-11,22937,11.9,37.8,59,30.9,16.0,0.79,Monday,1
2016-01-12,25211,12.2,32.9,45,26.1,9.0,0,Tuesday,1
2016-01-13,21133,13.3,29.3,45,24.1,16.9,0,Wednesday,1
2016-01-14,23780,13,28.7,39,24.1,11.0,0,Thursday,1
2016-01-15,28435,14.5,40.2,52,24.1,4.8,0,Friday,1
2016-01-16,19178,16.9,46.3,52,34,9.6,0.24,Saturday,1
2016-01-17,12024,16.4,38.9,46.9,30.2,9.5,0.02,Sunday,1
2016-01-18,12718,12.5,29,44.1,24.1,15.0,0.05,Monday,1
2016-01-19,17281,11.2,22.8,33.1,18,19.0,0,Tuesday,1
2016-01-20,23420,12.6,32.1,37.9,18,13.0,0,Wednesday,1
2016-01-21,23672,13.7,32.6,37.9,28,10.8,0,Thursday,1
2016-01-22,20950,14.9,27.3,37.9,21.9,10.5,0,Friday,1
2016-01-27,6761,18,44.4,48.9,35.1,10.3,0.01,Wednesday,1
2016-01-28,11946,16.8,37.9,48,28.9,5.4,0,Thursday,1
2016-01-29,16028,14.1,39.8,44.1,28.9,8.0,0,Friday,1
2016-01-30,12973,15.3,34,42.1,30,10.4,0,Saturday,1
2016-01-31,16118,16,42.4,55.9,30,6.8,0,Sunday,1
2016-02-01,24334,13.3,50.5,59,37,6.5,0,Monday,2
2016-02-02,28528,14.4,45.5,59,37.9,5.0,0,Tuesday,2
2016-02-03,16203,11.7,48.1,57,37.9,9.0,0,Wednesday,2
2016-02-04,27766,15.7,54,57.9,42.1,8.2,0.69,Thursday,2
2016-02-05,13670,13.9,39.4,57.9,32,13.7,0.31,Friday,2
2016-02-06,16933,16.4,36,44.1,32,9.3,0.05,Saturday,2
2016-02-07,17605,15.9,39.6,46,32,5.0,0,Sunday,2
2016-02-08,19026,12.8,36.7,39.9,30.2,13.5,0,Monday,2
2016-02-09,22741,13.1,30.2,41,27,8.3,0.06,Tuesday,2
2016-02-10,22420,13.5,35.4,39.9,27,7.6,0.01,Wednesday,2
2016-02-11,18748,13.5,28.1,39.9,23,17.3,99.99,Thursday,2
2016-02-12,16449,15.3,21.7,32,17.1,12.3,0.05,Friday,2
2016-02-13,6625,13.9,21.6,27,10.9,17.0,0,Saturday,2
2016-02-14,4653,15.8,8.3,24.1,1,15.8,0,Sunday,2
2016-02-15,5884,11.9,19.1,30.9,1,6.2,0,Monday,2
2016-02-16,14542,12.4,46.1,57.2,30.9,13.4,0.49,Tuesday,2
2016-02-17,23572,12.9,39.9,57,35.1,12.6,0.8,Wednesday,2
2016-02-18,22261,14.3,33.9,41,28.9,12.8,0,Thursday,2
2016-02-19,21959,13.2,30.2,37.4,25,7.6,0,Friday,2
2016-02-20,24484,20.5,47.4,62.1,25,10.1,0,Saturday,2
2016-02-21,20052,19.6,53.1,62.1,39.9,8.4,0,Sunday,2
2016-02-22,28233,14.1,46,57,39,6.1,0.05,Monday,2
2016-02-23,16133,12.9,38.8,53.1,36,13.0,0,Tuesday,2
2016-02-24,9761,11.9,39.8,55.4,35.6,14.0,0.3,Wednesday,2
2016-02-25,25102,12.4,52.7,61,36,17.1,1.48,Thursday,2
2016-02-26,22573,13,36.6,41,33.1,17.7,0.02,Friday,2
2016-02-27,17226,16.9,32.6,42.1,28,11.5,0,Saturday,2
2016-02-28,25437,21,46.3,61,28,10.1,0,Sunday,2
2016-02-29,27954,13.3,51.2,61,39,9.4,0,Monday,2
2016-03-01,30509,15.1,46.6,61,39.9,11.4,0.07,Tuesday,3
2016-03-02,26195,13.5,46.5,55.9,36,15.1,0.17,Wednesday,3
2016-03-03,24061,13.3,31.5,36,27,11.9,0,Thursday,3
2016-03-04,17369,12.7,33.7,42.1,27,10.0,0.04,Friday,3
2016-03-05,18023,16.7,34.8,42.1,30,9.4,0.04,Saturday,3
2016-03-06,18832,16.3,37.8,46.9,30,4.5,0,Sunday,3
2016-03-07,31492,16.2,45.1,61,33.1,9.3,0,Monday,3
2016-03-08,36521,15,53.9,64,37,5.8,0,Tuesday,3
2016-03-09,41490,18.3,54,75,41,5.3,0,Wednesday,3
2016-03-10,42252,17.7,70,78.1,64,6.7,0,Thursday,3
2016-03-11,38195,18.3,61.2,78.1,54,9.7,0.04,Friday,3
2016-03-12,32771,22.7,49.6,66,41,7.2,0,Saturday,3
2016-03-13,27550,22.4,56.7,64,41,5.6,0,Sunday,3
2016-03-14,10930,12.2,47.6,64,41,12.0,0.02,Monday,3
2016-03-15,31596,15.5,48,57,41,12.8,0.17,Tuesday,3
2016-03-16,36067,16.4,53.5,64.9,44.1,3.2,0,Wednesday,3
2016-03-17,35390,16.2,52.2,64.9,45,7.6,0.02,Thursday,3
2016-03-18,34647,15.5,53,64,45,13.3,0.04,Friday,3
2016-03-19,24048,18.4,43.5,57,37,7.0,0,Saturday,3
2016-03-20,16678,19,38.9,46.9,33.1,12.7,0,Sunday,3
2016-03-21,26414,13.6,39.6,50,33.1,10.4,0.14,Monday,3
2016-03-22,33497,15.6,43.8,55,37,13.6,0.07,Tuesday,3
2016-03-23,40983,17.2,57.4,71.1,50,9.1,0,Wednesday,3
2016-03-24,36495,15,50.1,71.1,44.1,11.2,0,Thursday,3
2016-03-25,34097,19.3,55.9,73,44.1,7.9,0,Friday,3
2016-03-26,27478,25.5,47,73,39,10.5,0.07,Saturday,3
2016-03-27,22483,21.4,45.8,54,39,6.8,0,Sunday,3
2016-03-28,20345,14.7,47.3,62.1,42.8,11.2,0.19,Monday,3
2016-03-29,31481,14.4,49.7,63,43,21.8,0.32,Tuesday,3
2016-03-30,33684,16.2,45.4,53.1,39,10.7,0,Wednesday,3
2016-03-31,38348,18.1,57.2,70,39,11.1,0,Thursday,3
2016-04-01,34449,17.7,62.6,79,48.9,9.1,0,Friday,4
2016-04-02,21839,18.7,56.3,79,48.9,6.9,0.01,Saturday,4
2016-04-03,15322,18.5,42.3,61,35.1,19.7,0.24,Sunday,4
2016-04-04,12302,11.2,39.7,50,35.1,9.4,0.11,Monday,4
2016-04-05,26238,15.1,33.3,45,27,13.3,0.5,Tuesday,4
2016-04-06,29365,15.3,39,48,27,9.9,0,Wednesday,4
2016-04-07,30402,13.9,52,60.1,32,12.8,0,Thursday,4
2016-04-08,30817,16.4,48.9,60.1,44.1,13.7,0.15,Friday,4
2016-04-09,12702,20.7,41.1,46.9,37.4,8.1,0,Saturday,4
2016-04-10,23229,20.4,40.5,50,33.1,11.5,0.07,Sunday,4
2016-04-11,32048,14.8,50.2,61,33.1,11.7,0,Monday,4
2016-04-12,23765,14,53.2,61,44.1,10.9,0.04,Tuesday,4
2016-04-13,37539,15.1,48.4,57.9,42.1,8.8,0.19,Wednesday,4
2016-04-14,38505,16.7,49.9,61,42.1,6.5,0,Thursday,4
2016-04-15,39676,15.3,50.8,63,43,5.2,0,Friday,4
2016-04-16,36148,21.1,52.6,64.9,44.1,6.7,0,Saturday,4
2016-04-17,38843,24.6,55.8,73.9,45,4.5,0,Sunday,4
2016-04-18,43994,17.2,62.5,80.1,48,4.4,0,Monday,4
2016-04-19,46075,15.2,65.5,80.1,48.9,8.6,0,Tuesday,4
2016-04-20,44547,17.1,58.8,69.1,51.1,10.7,0,Wednesday,4
2016-04-21,45570,16,58.8,70,50,8.2,0,Thursday,4
2016-04-22,48815,20,70,78.1,50,7.1,0,Friday,4
2016-04-23,33647,24,66.5,78.1,61,8.7,0.14,Saturday,4
2016-04-24,37866,23.7,56.5,69.1,48,9.7,0,Sunday,4
2016-04-25,42308,17.7,56.6,68,48,6.5,0,Monday,4
2016-04-26,34643,16.3,54.4,68,50,9.4,0.19,Tuesday,4
2016-04-27,41931,17.2,51.1,57.9,46.4,7.9,0.11,Wednesday,4
2016-04-28,37428,15.5,53.3,60.1,46.9,8.3,0,Thursday,4
2016-04-29,34878,18.5,52,59,48,7.8,0,Friday,4
2016-04-30,38258,25.2,52.8,63,46.9,6.2,0.02,Saturday,4
2016-05-01,10697,14.6,50.1,63,46.9,7.3,0,Sunday,5
2016-05-02,38537,17.4,50.6,61,44.6,6.1,0.15,Monday,5
2016-05-03,22858,16.1,54.5,62.1,45,7.3,0.73,Tuesday,5
2016-05-04,31619,13.7,51.3,55,48.9,9.0,0.07,Wednesday,5
2016-05-05,39903,16,51.8,57.9,46.9,11.6,0.02,Thursday,5
2016-05-06,18860,14.9,52.2,57.9,46.9,13.0,0.38,Friday,5
2016-05-07,31078,20.8,52.3,57.2,48.2,8.7,0.18,Saturday,5
2016-05-08,31197,21,55.4,64.9,48.9,9.8,0.07,Sunday,5
2016-05-09,45724,17.3,62.9,73.9,48.9,9.9,0.08,Monday,5
2016-05-10,44849,15.4,59.1,73.9,51.1,7.6,0,Tuesday,5
2016-05-11,51181,16.6,63,73.9,51.1,5.4,0,Wednesday,5
2016-05-12,52273,16.9,66.2,78.1,53.1,5.7,0,Thursday,5
2016-05-13,32391,16.2,61.6,78.1,55.9,5.7,0,Friday,5
2016-05-14,42063,23,66.2,73,57.9,6.8,0.25,Saturday,5
2016-05-15,28661,20.7,56,73,48,15.4,0,Sunday,5
2016-05-16,42787,17.3,52.8,68,44.1,16.9,0,Monday,5
2016-05-17,43396,15.7,62.3,68,44.1,9.2,0,Tuesday,5
2016-05-18,44803,16.1,59.3,69.1,55,7.2,0,Wednesday,5
2016-05-19,49182,16.1,60.9,71.1,55,5.3,0,Thursday,5
2016-05-20,52543,18.4,64.4,78.1,55.9,5.7,0,Friday,5
2016-05-21,30519,19.7,62.4,78.1,57,6.3,0,Saturday,5
2016-05-22,37802,19.8,60.7,71.1,54,6.5,0.18,Sunday,5
2016-05-23,48578,15.9,65,77,54,6.0,0.11,Monday,5
2016-05-24,34796,14.6,65.6,77,55.9,5.3,0.26,Tuesday,5
2016-05-25,53439,16.5,74.4,90,60.1,3.9,0.02,Wednesday,5
2016-05-26,52133,15.9,82.2,91.9,60.1,7.2,0,Thursday,5
2016-05-27,46937,17.4,76.6,91.9,55,7.2,0,Friday,5
2016-05-28,34222,22,79.9,91.9,66.9,8.4,0,Saturday,5
2016-05-29,36877,24.5,80,91.9,73,9.1,0,Sunday,5
2016-05-30,32619,19.6,73.5,87.1,69.1,6.6,1.53,Monday,5
2016-05-31,49756,15.3,76.7,86,69.1,7.5,0,Tuesday,5
2016-06-01,54665,18.3,76,84,68,6.7,0,Wednesday,6
2016-06-02,54401,16.1,68.9,82.9,62.1,9.2,0,Thursday,6
2016-06-03,38975,15.7,66.3,73.9,62.1,6.3,0,Friday,6
2016-06-04,40977,21.6,72.8,82.9,63,5.5,0.02,Saturday,6
2016-06-05,22397,17.4,69.3,82.9,66,7.5,0.27,Sunday,6
2016-06-06,52149,16.1,75.1,87.1,66.9,9.1,0.67,Monday,6
2016-06-07,51812,15.1,79.3,87.1,68,9.1,0,Tuesday,6
2016-06-08,42250,13.6,64.9,87.1,55,13.0,0.01,Wednesday,6
2016-06-09,52905,15.8,63.6,73.9,55,17.1,0.44,Thursday,6
2016-06-10,53299,16,67.9,78.1,55.9,12.0,0,Friday,6
2016-06-11,41030,18.5,74.6,90,59,7.0,0,Saturday,6
2016-06-12,40637,19.7,80.2,90,64,14.0,0.1,Sunday,6
2016-06-13,49069,15.1,66,86,59,16.9,0,Monday,6
2016-06-14,54813,15.5,69,81,59,11.2,0,Tuesday,6
2016-06-15,55049,15.6,75.3,87.1,60.1,6.2,0,Wednesday,6
2016-06-16,46198,14.3,73.3,87.1,66,4.4,0.12,Thursday,6
2016-06-17,54236,16.9,71.2,77,66,6.4,0,Friday,6
2016-06-18,48901,20.9,73,86,63,5.3,0,Saturday,6
2016-06-19,45270,21.2,75.1,86,63,7.5,0,Sunday,6
2016-06-20,52247,15.9,73.4,84,66,6.9,0,Monday,6
2016-06-21,53564,14.3,80.8,89.1,66,10.0,0,Tuesday,6
2016-06-22,55749,15.7,77.9,89.1,66.9,8.8,0,Wednesday,6
2016-06-23,53206,14.6,74.3,86,66.9,6.8,0,Thursday,6
2016-06-24,54186,15.9,74.7,84.9,68,8.7,0,Friday,6
2016-06-25,43000,20.5,73.3,84.9,64.9,8.0,0,Saturday,6
2016-06-26,42992,19.9,75.8,86,64.9,7.5,0,Sunday,6
2016-06-27,47023,15,75.7,86,69.1,9.9,0,Monday,6
2016-06-28,49593,14.7,72.6,84,69.1,9.3,0.54,Tuesday,6
2016-06-29,54882,14.8,75.7,87.1,70,5.5,0.07,Wednesday,6
2016-06-30,54843,14.3,77.6,87.1,70,6.9,0,Thursday,6
2016-07-01,39669,17,76.9,87.1,70,8.4,0,Friday,7
2016-07-02,35837,20.7,72.9,81,68,11.5,0.28,Saturday,7
2016-07-03,35348,23.1,75.4,82,68,7.3,0,Sunday,7
2016-07-04,34860,20.7,76.7,86,69.1,7.8,0,Monday,7
2016-07-05,43744,14.8,76,89.1,69.1,6.3,1.08,Tuesday,7
2016-07-06,51353,14.8,85.8,96.1,69.1,5.3,0.57,Wednesday,7
2016-07-07,48742,14.1,85.1,96.1,77,7.3,0,Thursday,7
2016-07-08,44419,16.5,78.8,93,73.9,6.5,0.02,Friday,7
2016-07-09,38142,17.6,70.3,86,66,9.0,0.01,Saturday,7
2016-07-10,41991,21,73,81,66.9,7.0,0.41,Sunday,7
2016-07-11,52870,15,74.5,82,68.5,8.7,0,Monday,7
2016-07-12,56537,16,76.6,84,69.1,8.1,0,Tuesday,7
2016-07-13,55486,16.7,78.1,86,71.1,8.8,0,Wednesday,7
2016-07-14,50350,15.6,80.4,91,73,7.8,0,Thursday,7
2016-07-15,48572,15.1,86.6,91.9,75,6.4,0.5,Friday,7
2016-07-16,38406,18.1,84.1,91.9,77,8.0,0,Saturday,7
2016-07-17,41347,20.5,83.1,93,77,5.1,0,Sunday,7
2016-07-18,43687,15.4,86.3,97,77,8.5,0,Monday,7
2016-07-19,54593,15.4,80.2,97,75.9,10.9,0.12,Tuesday,7
2016-07-20,57225,15.3,77.9,88,71.1,7.2,0,Wednesday,7
2016-07-21,54842,15.4,80.9,91,71.1,8.3,0,Thursday,7
2016-07-22,49191,15.7,85.1,98.1,75,11.3,0,Friday,7
2016-07-23,37523,18.1,89.5,99,75.9,11.0,0,Saturday,7
2016-07-24,39637,21.1,85.2,99,75.9,7.0,0,Sunday,7
2016-07-25,35379,14.4,84.3,93.9,75.9,8.2,0.02,Monday,7
2016-07-26,52912,15.4,81.7,93.9,75,8.3,0.77,Tuesday,7
2016-07-27,54163,15.9,84.5,93.9,75,6.6,0,Wednesday,7
2016-07-28,50151,14.9,84.7,93.9,77,6.1,0,Thursday,7
2016-07-29,37703,15.6,78.1,93.9,71.1,8.3,0.89,Friday,7
2016-07-30,27780,17.5,78.4,84.9,71.1,7.2,0.13,Saturday,7
2016-07-31,27651,16.1,77.7,84,75,8.1,0.18,Sunday,7
2016-08-01,49401,15.4,74.2,82.9,71.1,10.4,0.57,Monday,8
2016-08-02,56764,15,74.2,80.1,71.1,10.5,0,Tuesday,8
2016-08-03,57003,15.3,74.2,81,68,7.5,0,Wednesday,8
2016-08-04,56604,16.3,75.6,84,68,5.9,0,Thursday,8
2016-08-05,53297,16.1,77.4,86,70,8.1,0,Friday,8
2016-08-06,44213,19.8,80.8,91,72,8.8,0,Saturday,8
2016-08-07,43631,19.1,81.5,91,73.9,9.2,0,Sunday,8
2016-08-08,52262,15.6,80.8,89.1,73.9,7.1,0,Monday,8
2016-08-09,56112,14.8,80.8,89.1,75,6.5,0,Tuesday,8
2016-08-10,50114,14.8,81.5,89.1,75,9.3,0.01,Wednesday,8
2016-08-11,47430,14.2,86.8,97,75.9,7.2,0.05,Thursday,8
2016-08-12,44750,16.5,86.5,98.1,75.9,7.9,0.56,Friday,8
2016-08-13,38912,18.5,89.2,98.1,75.9,7.0,0.07,Saturday,8
2016-08-14,32961,17.4,90.7,97,82,8.6,0,Sunday,8
2016-08-15,49063,14.4,84.6,98.1,78.1,5.6,0.01,Monday,8
2016-08-16,50426,14.8,84.9,93,78.1,9.0,0,Tuesday,8
2016-08-17,53989,15.5,82.8,91,78.1,11.7,0.13,Wednesday,8
2016-08-18,53218,15.6,80.3,88,75,5.4,0.02,Thursday,8
2016-08-19,51669,16.1,81.6,89.1,75,6.6,0,Friday,8
2016-08-20,45817,21.1,79,89.1,75,6.3,0.02,Saturday,8
2016-08-21,35051,20.3,80.7,89.1,75,9.7,0.12,Sunday,8
2016-08-22,54404,15.1,76,89.1,71.1,15.1,0.13,Monday,8
2016-08-23,58674,16.1,74.3,84,66.9,6.4,0,Tuesday,8
2016-08-24,58154,16,78.6,89.1,66.9,6.4,0,Wednesday,8
2016-08-25,53487,16.1,78.6,89.1,71.1,10.6,0,Thursday,8
2016-08-26,52037,16.3,83.6,91,73,8.7,0.01,Friday,8
2016-08-27,45674,20,82.4,91,75.9,8.2,0,Saturday,8
2016-08-28,44639,19.6,80.7,89.1,73.9,6.3,0,Sunday,8
2016-08-29,53288,15.8,82.1,91,73.9,8.6,0,Monday,8
2016-08-30,57405,15.3,79,91,72,9.0,0,Tuesday,8
2016-08-31,57214,14.5,80.5,90,72,7.5,0,Wednesday,8
2016-09-01,38187,13.3,76.9,90,73,5.6,0.03,Thursday,9
2016-09-02,53007,16.3,75,82.9,68,9.2,0.31,Friday,9
2016-09-03,41630,19.1,73.5,82.9,68,10.8,0,Saturday,9
2016-09-04,46023,21,72.1,81,66,9.5,0,Sunday,9
2016-09-05,45436,19.4,73.8,84,66,10.8,0,Monday,9
2016-09-06,52447,14.6,77.8,84,66.9,15.2,0,Tuesday,9
2016-09-07,60500,15.7,77.2,86,71.6,11.2,0.01,Wednesday,9
2016-09-08,61596,14.5,79,88,72,6.0,0,Thursday,9
2016-09-09,56813,14.7,86.5,93,73,7.5,0,Friday,9
2016-09-10,48455,17.4,82.2,93,75.9,7.1,0.05,Saturday,9
2016-09-11,52245,19.2,80.6,91,75.9,11.5,0,Sunday,9
2016-09-12,61103,16,71.3,84,64,8.2,0,Monday,9
2016-09-13,64839,15.1,73.2,82,64,7.7,0,Tuesday,9
2016-09-14,59203,14.4,78,91.9,68,8.5,0,Wednesday,9
2016-09-15,67331,15.1,70.4,91.9,63,10.3,0.37,Thursday,9
2016-09-16,65275,15.4,68.5,75,63,6.4,0,Friday,9
2016-09-17,59200,19.3,69.2,78.1,64,6.3,0,Saturday,9
2016-09-18,51686,17.3,76.3,84.9,64,8.8,0,Sunday,9
2016-09-19,34217,13.6,75.2,84.9,72,5.9,0.31,Monday,9
2016-09-20,64891,15,75.4,84,71.1,5.1,0.47,Tuesday,9
2016-09-21,65463,14.9,77.6,84.9,71.1,4.0,0,Wednesday,9
2016-09-22,67810,14.7,76.8,86,70,5.8,0,Thursday,9
2016-09-23,65517,15.4,77.2,89.1,69.1,4.3,0,Friday,9
2016-09-24,53259,17.9,68.5,89.1,59,9.5,0.44,Saturday,9
2016-09-25,53568,18,64.2,72,57.9,6.8,0.2,Sunday,9
2016-09-26,61386,14.3,65.6,73,57,7.2,0,Monday,9
2016-09-27,61346,14.1,70.5,75.9,57,8.4,0.15,Tuesday,9
2016-09-28,59464,13.6,67.6,75.9,62.1,10.8,0,Wednesday,9
2016-09-29,55578,12.9,63.2,71.1,60.1,18.2,0,Thursday,9
2016-09-30,21381,11.5,62.1,66.9,60.1,21.8,0,Friday,9
2017-04-01,23849,18.6,42.2,48,39,17.2,1.78,Saturday,4
2017-04-02,39780,23.5,50.6,63,39,9.7,0.01,Sunday,4
2017-04-03,43485,18.1,56.4,63,43,7.0,0,Monday,4
2017-04-04,29991,16.9,50.1,63,45,11.3,1.6,Tuesday,4
2017-04-05,47636,19.6,51.7,63,45,5.4,0.03,Wednesday,4
2017-04-06,18020,16.1,46,53.1,42.8,12.1,0.02,Thursday,4
2017-04-07,35779,12.3,50.1,54,43,13.2,0.83,Friday,4
2017-04-08,35936,19.3,47.4,57.9,42.1,16.0,0,Saturday,4
2017-04-09,43896,23.3,54.4,68,42.1,8.8,0,Sunday,4
2017-04-10,50424,21,61.3,73,46,7.6,0,Monday,4
2017-04-11,57310,23.4,67.4,78.1,52,7.9,0,Tuesday,4
2017-04-12,51188,14.6,63.9,78.1,54,4.3,0,Wednesday,4
2017-04-13,52915,15.5,58.5,77,50,9.8,0.03,Thursday,4
2017-04-14,52232,19.2,57.2,66,50,7.1,0,Friday,4
2017-04-15,42531,19.5,57.2,66,50,8.4,0,Saturday,4
2017-04-16,48140,30.8,70.8,88,52,9.5,0,Sunday,4
2017-04-17,53247,15.3,70.9,88,60.1,12.2,0,Monday,4
2017-04-18,53809,14.7,59.2,73,51.1,10.2,0,Tuesday,4
2017-04-19,45787,12.7,50,64.9,46,11.0,0,Wednesday,4
2017-04-20,44264,19.7,54.4,66,46,6.7,0.19,Thursday,4
2017-04-21,39868,13.2,52.3,66,48.9,11.2,0.3,Friday,4
2017-04-22,34596,17,51.8,55.9,48,6.9,0.02,Saturday,4
2017-04-23,49107,20.7,54.7,64.9,48,7.0,0.07,Sunday,4
2017-04-24,48692,14,53.5,64.9,48,6.0,0,Monday,4
2017-04-25,20332,11.6,52.8,59,48,16.3,0.07,Tuesday,4
2017-04-26,37727,12.7,55.2,62.1,50,11.9,0.73,Wednesday,4
2017-04-27,52035,15,62,69.1,53.1,5.1,0.13,Thursday,4
2017-04-28,62199,16.7,66.6,84.9,55,5.9,0.01,Friday,4
2017-04-29,57701,22.4,76.9,88,55,8.8,0.06,Saturday,4
2017-04-30,42928,17.9,64.7,88,55.9,10.1,0,Sunday,4
2017-05-01,56218,15.7,55.9,73,50,9.3,0,Monday,5
2017-05-02,61207,18,70.5,78.1,50,12.9,0,Tuesday,5
2017-05-03,59252,17.6,64.3,78.1,61,14.1,0,Wednesday,5
2017-05-04,57429,16.8,57.7,66.9,51.1,8.9,0,Thursday,5
2017-05-05,24009,12.9,56,66,51.1,11.4,0.01,Friday,5
2017-05-06,46618,17.8,62.4,66.9,53.1,13.8,2.31,Saturday,5
2017-05-07,34293,15.4,56.1,66.9,53.1,12.2,0.01,Sunday,5
2017-05-08,51553,14.1,53.4,62.1,48,12.5,0,Monday,5
2017-05-09,56461,13.9,55.6,64,48,9.2,0,Tuesday,5
2017-05-10,58454,15.5,56.8,64.9,48.9,6.2,0,Wednesday,5
2017-05-11,57208,13.9,57.1,64.9,52,6.4,0,Thursday,5
2017-05-12,56675,15,56.5,64,52,6.9,0,Friday,5
2017-05-13,5704,19.5,53.2,55.9,48,11.1,0.13,Saturday,5
2017-05-14,38729,17.6,55.4,70,46.9,13.4,1.61,Sunday,5
2017-05-15,54715,14.2,61.7,70,46.9,17.8,0.01,Monday,5
2017-05-16,64504,15.4,68.8,82.9,54,10.3,0,Tuesday,5
2017-05-17,65794,17.1,79.2,93.9,59,6.8,0,Wednesday,5
2017-05-18,63753,15.3,88.1,97,66,10.1,0,Thursday,5
2017-05-19,62143,15.8,87.9,97,80.1,11.0,0,Friday,5
2017-05-20,47859,18.1,67.3,96.1,61,10.9,0.01,Saturday,5
2017-05-21,54874,21.2,62.4,71.1,57,7.9,0,Sunday,5
2017-05-22,24627,12.4,59.8,71.1,57,7.5,0.11,Monday,5
2017-05-23,60032,15.9,63.4,70,57,4.9,0.53,Tuesday,5
2017-05-24,60622,16.6,62.8,70,57,7.4,0.03,Wednesday,5
2017-05-25,17495,11.6,58.4,69.1,55.9,11.7,0.1,Thursday,5
2017-05-26,53768,17.6,63.5,75.9,55.9,11.1,0.89,Friday,5
2017-05-27,46534,20.1,67.4,75.9,57,8.0,0.12,Saturday,5
2017-05-28,46727,24.9,64.5,72,57.9,6.8,0,Sunday,5
2017-05-29,26322,15.2,59.1,71.1,55.9,9.5,0.13,Monday,5
2017-05-30,50194,14.6,58.3,64,55,7.6,0.03,Tuesday,5
2017-05-31,59495,15.2,63.1,78.1,55,6.6,0.08,Wednesday,5
2017-06-01,67403,15.8,69.4,82,57.9,6.9,0.05,Thursday,6
2017-06-02,66907,16.3,70.6,82,60.1,8.8,0,Friday,6
2017-06-03,56264,19.4,66.1,79,59,9.2,0,Saturday,6
2017-06-04,40138,17.7,66,73.9,59,6.3,0,Sunday,6
2017-06-05,55883,15.6,61.8,71.1,59,7.9,0.06,Monday,6
2017-06-06,41268,12.4,58,66.9,55,11.5,0.02,Tuesday,6
2017-06-07,64453,15.9,58.6,70,52,8.0,0.03,Wednesday,6
2017-06-08,62653,15.6,63.9,71.1,52,5.4,0,Thursday,6
2017-06-09,66506,19.5,66.7,82.9,55.9,7.2,0,Friday,6
2017-06-10,57087,21.4,78.1,88,55.9,7.6,0,Saturday,6
2017-06-11,51427,20.4,83.7,93.9,66.9,9.0,0,Sunday,6
2017-06-12,57871,15.7,86.7,96.1,75,8.5,0,Monday,6
2017-06-13,60921,15.2,89.7,100.9,75.9,8.5,0,Tuesday,6
2017-06-14,60513,17.4,78.8,93.9,71.6,7.8,0.48,Wednesday,6
2017-06-15,64763,18.4,70.7,82.9,64,8.1,0.02,Thursday,6
2017-06-16,56403,16.6,65.6,75.9,63,9.1,0,Friday,6
2017-06-17,34900,18.5,67,73.9,63,7.0,0,Saturday,6
2017-06-18,49472,22.7,75.3,84,64,8.8,1.26,Sunday,6
2017-06-19,38310,16.1,78.5,87.1,70,11.1,0,Monday,6
2017-06-20,64673,17.4,76.9,87.1,70,11.0,1.23,Tuesday,6
2017-06-21,67218,17.4,80.3,87.1,70,8.7,0.01,Wednesday,6
2017-06-22,66308,17.5,77.1,87.1,68,7.6,0,Thursday,6
2017-06-23,55323,16.4,81.2,87.1,68,9.3,0,Friday,6
2017-06-24,52153,20.7,79.5,87.1,70,10.0,0.96,Saturday,6
2017-06-25,54655,23.2,78.2,86,70,7.1,0.18,Sunday,6
2017-06-26,62669,20.1,74,84,66.9,9.0,0,Monday,6
2017-06-27,64767,16.5,71.2,81,62.1,7.7,0.16,Tuesday,6
2017-06-28,67752,19.7,71.5,81,62.1,10.1,0,Wednesday,6
2017-06-29,64272,17.4,76.2,82.9,64,10.9,0,Thursday,6
2017-06-30,58662,19.6,80.2,89.1,69.1,11.7,0,Friday,6
2017-07-01,36737,23.1,79,89.1,73.9,9.4,0,Saturday,7
2017-07-02,43036,26.9,79.8,91,73,7.4,0.07,Sunday,7
2017-07-03,48193,21.4,83.3,91,73,7.2,0,Monday,7
2017-07-04,49924,25.4,77.8,90,70,4.2,0.12,Tuesday,7
2017-07-05,60321,18,76.7,87.1,70,7.6,0,Wednesday,7
2017-07-06,62147,17.7,74.5,84.9,69.1,7.1,0,Thursday,7
2017-07-07,44068,15.8,72.4,82,68,8.4,0.01,Friday,7
2017-07-08,55015,20.3,78.5,87.1,68,7.5,2.13,Saturday,7
2017-07-09,57118,20.4,76.3,87.1,70,8.5,0,Sunday,7
2017-07-10,60907,16.6,78.7,88,70,8.0,0,Monday,7
2017-07-11,61671,15.9,80.5,89.1,72,8.5,0,Tuesday,7
2017-07-12,61786,15.5,84.2,91,75,9.1,0,Wednesday,7
2017-07-13,56475,17.3,86,93.9,78.1,9.1,0,Thursday,7
2017-07-14,31851,16.5,69.8,93.9,64.9,8.4,0.01,Friday,7
2017-07-15,56499,19,73.7,86,64.9,6.9,0.47,Saturday,7
2017-07-16,56833,21.5,78,86,66.9,6.6,0.01,Sunday,7
2017-07-17,62555,16.6,80.1,87.1,71.1,7.2,0,Monday,7
2017-07-18,66234,16.7,80.5,88,75,7.9,0,Tuesday,7
2017-07-19,63915,16.2,84.8,93.9,75.9,7.6,0,Wednesday,7
2017-07-20,59663,15.2,87.2,98.1,77,5.0,0,Thursday,7
2017-07-21,60072,15.8,84.4,98.1,77,8.7,0,Friday,7
2017-07-22,48011,19,85.3,93.9,77,7.5,0,Saturday,7
2017-07-23,46942,17.5,76.4,91,72,5.4,0.6,Sunday,7
2017-07-24,43792,15,70.2,80.1,64,11.1,0.46,Monday,7
2017-07-25,65336,14.9,65.8,73,62.1,9.1,0.45,Tuesday,7
2017-07-26,70323,16.1,70.5,78.1,62.1,7.5,0,Wednesday,7
2017-07-27,65769,14.6,72.2,78.1,64.9,7.9,0,Thursday,7
2017-07-28,63899,15.3,76.9,84,66.9,5.8,0,Friday,7
2017-07-29,52947,17.4,73.3,84,68,13.2,0,Saturday,7
2017-07-30,59342,19,72.9,82,66,7.0,0,Sunday,7
2017-07-31,64218,14.7,77.7,89.1,66,5.3,0,Monday,7
2017-08-01,66677,17.7,81.3,91,70,5.1,0,Tuesday,8
2017-08-02,56184,20,79.6,91,69.1,6.1,0,Wednesday,8
2017-08-03,66149,19.2,76.2,88,69.1,6.2,0.08,Thursday,8
2017-08-04,56394,18.5,78.1,87.1,70,10.0,0.1,Friday,8
2017-08-05,58971,24.4,76.3,84.9,70,10.0,0.82,Saturday,8
2017-08-06,56476,22.5,72,80.1,66,10.9,0.16,Sunday,8
2017-08-07,23395,12.3,70.2,78.1,66,5.8,0,Monday,8
2017-08-08,65233,18.1,70.3,80.1,64.9,7.1,0.43,Tuesday,8
2017-08-09,67884,21.8,76.5,84.9,64.9,5.2,0,Wednesday,8
2017-08-10,66249,16.4,77.5,86,68,6.0,0,Thursday,8
2017-08-11,63140,19.5,75.9,86,71.1,7.7,0,Friday,8
2017-08-12,60540,23.1,71.8,82,64.9,5.9,0.17,Saturday,8
2017-08-13,57518,21.8,76.8,84.9,64.9,8.0,0.16,Sunday,8
2017-08-14,61482,23.3,76.6,84.9,71.1,5.8,0,Monday,8
2017-08-15,52461,15.6,73.2,77,69.1,5.3,0.32,Tuesday,8
2017-08-16,68436,17.9,76.8,86,69.1,4.8,0.12,Wednesday,8
2017-08-17,66656,17.6,76.4,86,70,7.0,0,Thursday,8
2017-08-18,36620,17.1,77.3,82.9,70,7.7,0.01,Friday,8
2017-08-19,62442,24.2,80.1,89.1,73,7.5,0.9,Saturday,8
2017-08-20,55442,20.3,78.7,89.1,71.1,10.4,0,Sunday,8
2017-08-21,61059,18.4,80.8,88,71.1,6.7,0,Monday,8
2017-08-22,60541,19.7,81.5,91,75,8.6,0,Tuesday,8
2017-08-23,65070,20.3,78.2,84,73.4,11.1,0.25,Wednesday,8
2017-08-24,66307,20,75.2,82,69.1,6.8,0.02,Thursday,8
2017-08-25,64217,17,72.3,81,66,6.0,0,Friday,8
2017-08-26,50109,19.1,71,78.1,64,5.7,0,Saturday,8
2017-08-27,54598,22.6,70.2,77,64,7.1,0,Sunday,8
2017-08-28,60886,16.8,69.8,77,64,9.3,0,Monday,8
2017-08-29,35152,14.9,66.5,75,64,11.6,0,Tuesday,8
2017-08-30,65329,16.3,67.5,80.1,61,10.6,0.32,Wednesday,8
2017-08-31,64881,15.5,74,82,61,9.8,0.01,Thursday,8
2017-09-01,54881,16.9,65.4,82,55.9,10.7,0,Friday,9
2017-09-02,37812,21.4,63.2,72,55.9,7.9,0,Saturday,9
2017-09-03,30955,20.1,62.6,72,55.9,9.8,0.79,Sunday,9
2017-09-04,55285,22.7,71.3,82,59,11.2,0.4,Monday,9
2017-09-05,65445,17.3,76.4,84.9,64,8.8,0,Tuesday,9
2017-09-06,42295,13.9,69.9,84.9,62.1,7.0,0,Wednesday,9
2017-09-07,69519,16.9,65.4,73,60.8,8.3,0.44,Thursday,9
2017-09-08,69574,15.9,67.5,75,61,10.6,0,Friday,9
2017-09-09,60155,19,63.7,73,57.9,9.1,0,Saturday,9
2017-09-10,60711,18.8,65,73,59,9.7,0,Sunday,9
2017-09-11,71917,16.3,67.7,78.1,59,5.1,0,Monday,9
2017-09-12,74580,15.5,71.9,82,59,2.9,0,Tuesday,9
2017-09-13,69566,16.1,74,84,63,4.9,0,Wednesday,9
2017-09-14,72071,14.6,75.1,84,66.9,7.0,0.02,Thursday,9
2017-09-15,72297,17.2,76.6,82.9,70,6.3,0,Friday,9
2017-09-16,61036,18.4,74.2,82,69.1,5.8,0,Saturday,9
2017-09-17,59967,18.7,72.8,81,69.1,5.1,0,Sunday,9
2017-09-18,64130,14.7,70.6,81,68,8.7,0,Monday,9
2017-09-19,57910,14,72.3,78.1,68,13.7,0,Tuesday,9
2017-09-20,71150,15.3,73.9,78.1,69.1,13.3,0.19,Wednesday,9
2017-09-21,67742,15.1,75.8,79,71.1,10.2,0,Thursday,9
2017-09-22,70127,17.2,73.8,81,68,11.5,0,Friday,9
2017-09-23,62687,21.9,76.5,86,68,10.0,0,Saturday,9
2017-09-24,57458,18.5,79.5,91,70,3.5,0,Sunday,9
2017-09-25,69200,14.7,77.5,91,71.1,5.5,0,Monday,9
2017-09-26,71518,14.1,73.7,86,68,5.6,0,Tuesday,9
2017-09-27,69897,14.4,75,84,68,7.2,0,Wednesday,9
2017-09-28,70883,14.3,74.1,84,68,11.8,0,Thursday,9
2017-09-29,67177,14.8,63.3,77,57,9.0,0,Friday,9
2017-09-30,50153,15.5,62.1,70,55.9,9.4,0,Saturday,9
2017-10-01,55505,21,58.8,70,52,6.8,0,Sunday,10
2017-10-02,65511,16.1,64.5,73.9,52,4.8,0,Monday,10
2017-10-03,69105,15.4,64,73.9,55.9,5.2,0,Tuesday,10
2017-10-04,71454,17.5,64.8,75,57.9,6.8,0,Wednesday,10
2017-10-05,70174,15.3,73,84,57.9,9.5,0,Thursday,10
2017-10-06,70257,27,74.7,84,66,7.0,0,Friday,10
2017-10-07,63635,26.9,72.4,82,66,6.4,0,Saturday,10
2017-10-08,41044,27.2,74,82,66,9.3,0,Sunday,10
2017-10-09,38391,15,73.9,80.1,71.1,9.0,0.39,Monday,10
2017-10-10,74118,15.9,75.1,81,69.1,8.4,0.21,Tuesday,10
2017-10-11,63589,15.4,70.8,81,68,7.0,0,Wednesday,10
2017-10-12,61248,21.2,62.7,78.1,59,14.4,0.07,Thursday,10
2017-10-13,67020,17.6,59.1,68,53.1,11.2,0.03,Friday,10
2017-10-14,58777,22.4,65.7,73,53.1,6.6,0.03,Saturday,10
2017-10-15,56529,16.6,69.8,75,62.1,6.8,0,Sunday,10
2017-10-16,61730,13.4,62.6,75,55,14.0,0.01,Monday,10
2017-10-17,64480,14.6,51.8,71.1,45,8.7,0,Tuesday,10
2017-10-18,70234,16.5,60,73.9,45,6.2,0,Wednesday,10
2017-10-19,72311,16,64.7,73.9,52,7.9,0,Thursday,10
2017-10-20,72173,17.6,66.9,73.9,57.9,9.7,0,Friday,10
2017-10-21,65874,18.1,67.7,79,59,4.6,0,Saturday,10
2017-10-22,62150,20.7,66.7,75.9,57.9,4.5,0,Sunday,10
2017-10-23,69274,16.2,66.9,75.9,57.9,7.1,0,Monday,10
2017-10-24,48077,13.2,70.8,75.9,61,17.4,0.04,Tuesday,10
2017-10-25,71287,16.3,64.8,75.9,61,5.5,0.09,Wednesday,10
2017-10-26,64003,15,58,68,53.1,10.5,0,Thursday,10
2017-10-27,69268,18.7,55.7,63,51.1,8.9,0,Friday,10
2017-10-28,61348,21.2,60.9,68,51.1,9.0,0,Saturday,10
2017-10-29,9537,14.5,64,68,54,10.3,0.1,Sunday,10
2017-10-30,49247,14,57.1,68,46.9,15.9,2.79,Monday,10
2017-10-31,60242,13.9,53.8,62.1,46.9,13.2,0.05,Tuesday,10
2017-11-01,60773,14.5,51.4,57.9,46.9,7.8,0,Wednesday,11
2017-11-02,70810,15.9,63,72,46.9,6.7,0,Thursday,11
2017-11-03,71818,17.5,66.1,75,57.9,7.6,0,Friday,11
2017-11-04,53435,21.4,53.1,75,48,10.3,0,Saturday,11
2017-11-05,34943,14.4,54.8,61,48,7.8,0.02,Sunday,11
2017-11-06,57606,14.3,62.6,66,52,7.8,0.08,Monday,11
2017-11-07,36362,14.4,48,66,42.1,10.3,0,Tuesday,11
2017-11-08,54211,14.7,43.4,51.1,39.9,9.5,0.6,Wednesday,11
2017-11-09,58417,15,47.6,55.9,39.9,6.5,0,Thursday,11
2017-11-10,38432,13.7,44.4,55.9,30.9,15.2,0,Friday,11
2017-11-11,28142,13.7,31,37.9,26.1,11.3,0,Saturday,11
2017-11-12,32471,14.9,39.5,46.9,26.1,4.3,0,Sunday,11
2017-11-13,38753,12.5,45.4,50,34,6.2,0,Monday,11
2017-11-14,52279,13.6,43,50,39,8.3,0.05,Tuesday,11
2017-11-15,54230,12.7,43.5,51.1,37.9,7.4,0,Wednesday,11
2017-11-16,49737,13.1,52.2,59,37.9,10.2,0.7,Thursday,11
2017-11-17,48991,14.7,45.5,59,41,16.8,0.08,Friday,11
2017-11-18,27745,14.6,44,52,36,7.2,0,Saturday,11
2017-11-19,31598,15.5,53.5,60.1,36,15.7,0.33,Sunday,11
2017-11-20,45121,12.5,43.1,60.1,37,13.1,0.02,Monday,11
2017-11-21,52451,15,49.1,59,37,11.2,0,Tuesday,11
2017-11-22,32298,15.1,51.7,59,43,8.7,0,Wednesday,11
2017-11-23,13705,17.6,38.7,55,34,10.9,0.16,Thursday,11
2017-11-24,23724,18.9,43,51.1,34,5.7,0,Friday,11
2017-11-25,30518,25.4,48.6,57.9,37,6.9,0,Saturday,11
2017-11-26,27181,13.7,49.3,57.9,42.1,13.0,0,Sunday,11
2017-11-27,46733,13.1,45.3,53.1,42.1,12.9,0,Monday,11
2017-11-28,51170,13.1,44,53.1,37,8.1,0,Tuesday,11
2017-11-29,55295,13.4,54.4,64,37,10.4,0,Wednesday,11
2017-11-30,51700,12,44.2,64,39.9,7.3,0,Thursday,11
2017-12-01,50708,13,50.4,54,39.9,9.3,0.02,Friday,12
2017-12-02,38923,14.5,44.2,53.1,39.9,5.5,0,Saturday,12
2017-12-03,33728,13.2,45.3,48,39.9,5.0,0,Sunday,12
2017-12-04,49630,12.9,45.5,52,39.9,5.0,0,Monday,12
2017-12-05,41792,12.4,53.8,60.1,39.9,11.4,0,Tuesday,12
2017-12-06,46335,12.2,50.1,60.1,41,11.9,0.69,Wednesday,12
2017-12-07,45367,12.2,42.7,59,39.9,13.2,0,Thursday,12
2017-12-08,41330,11.7,39.1,46,36,8.7,0,Friday,12
2017-12-09,10804,13.8,35.2,41,30.9,6.8,0,Saturday,12
2017-12-10,19815,13.9,35,39.9,30.9,10.9,0.34,Sunday,12
2017-12-11,41838,13,38,43,32,9.4,0,Monday,12
2017-12-12,42620,12.2,44.5,51.8,39,9.6,0,Tuesday,12
2017-12-13,32623,11.8,29.2,51.1,21.9,21.0,0,Wednesday,12
2017-12-14,27495,13.3,28.3,33.1,21.9,11.2,0.05,Thursday,12
2017-12-15,22944,11.7,25.5,33.1,23,6.5,0.02,Friday,12
2017-12-16,19060,12.3,30.9,39.9,23,12.9,0.13,Saturday,12
2017-12-17,22403,11.6,35.7,39.9,25,5.9,0,Sunday,12
2017-12-18,40168,12.8,38.4,46.9,33.1,5.7,0.02,Monday,12
2017-12-19,49503,11.8,50.2,55.9,34,10.9,0,Tuesday,12
2017-12-20,41463,14.2,47.7,55.9,39.9,14.3,0,Wednesday,12
2017-12-21,37592,11.7,37.2,53.1,34,9.2,0,Thursday,12
2017-12-22,34341,14.5,40.1,51.1,34,6.3,0,Friday,12
2017-12-23,9608,17.3,41.2,53.1,36,7.4,0.05,Saturday,12
2017-12-24,13216,13.2,40.3,53.1,37,10.1,0.49,Sunday,12
2017-12-25,6479,16.7,36.3,41,32,15.8,0.23,Monday,12
2017-12-26,14113,11.8,27,39,24.1,16.4,0.22,Tuesday,12
2017-12-27,16365,13.7,22.8,28.9,19,10.5,0,Wednesday,12
2017-12-28,13420,11,17.3,25,14,15.2,0,Thursday,12
2017-12-29,13759,10.9,15.5,21.9,12,12.0,0,Friday,12
2017-12-30,5956,12.4,20,23,18,7.8,0,Saturday,12
2017-12-31,6569,13.2,22,23,19.9,13.6,0.48,Sunday,12
2018-01-01,5500,20.8,12.6,21.9,8.1,15.1,0,Monday,1
2018-01-02,18818,11.3,18.4,26.1,8.1,12.3,0,Tuesday,1
2018-01-03,24299,11.2,22.6,30,14,7.5,0,Wednesday,1
2018-01-04,1922,17.3,26.1,30,17.1,17.0,0.02,Thursday,1
2018-01-05,4972,16.2,16.7,28.9,10,22.4,0,Friday,1
2018-01-06,4295,29.8,11.8,19.9,8.1,19.8,0,Saturday,1
2018-01-07,5640,12.8,10.8,18,6.1,11.7,0,Sunday,1
2018-01-08,15821,17.4,22.2,30.9,6.1,9.4,0,Monday,1
2018-01-09,25091,13.1,35.5,43,18,11.2,0,Tuesday,1
2018-01-10,28252,11.9,34.2,43,26.1,6.1,0,Wednesday,1
2018-01-11,33961,12.1,40.1,46.9,26.1,4.8,0,Thursday,1
2018-01-12,22254,13.4,47.9,60.1,35.1,9.4,0.01,Friday,1
2018-01-13,17760,11.6,41.7,60.1,25,14.4,0.79,Saturday,1
2018-01-14,12399,23.6,20,25,16,13.8,0.11,Sunday,1
2018-01-15,17637,11,21.6,30,15.1,12.2,0,Monday,1
2018-01-16,30278,11.4,27.9,33.1,16,6.9,0,Tuesday,1
2018-01-17,19010,10.4,33.8,36,24.1,7.9,0.05,Wednesday,1
2018-01-18,27662,11,26,36,19.9,12.4,0.12,Thursday,1
2018-01-19,30525,11.9,31.2,39,19.9,9.6,0,Friday,1
2018-01-20,28507,14.6,43.4,54,26.1,11.0,0,Saturday,1
2018-01-21,27908,14.2,46.1,54,37,5.3,0,Sunday,1
2018-01-22,36865,20.8,42.1,52,37.9,7.1,0,Monday,1
2018-01-23,28797,13.4,44.8,59,35.6,9.1,0.03,Tuesday,1
2018-01-24,36078,11.5,42.9,60.1,34,14.2,0.28,Wednesday,1
2018-01-25,31147,11.4,29.5,45,24.1,14.6,0,Thursday,1
2018-01-26,33073,12,32,39,24.1,6.6,0,Friday,1
2018-01-27,34351,22.9,42.1,57,28,7.8,0,Saturday,1
2018-01-28,20101,21.8,50.3,57,35.1,6.4,0.19,Sunday,1
2018-01-29,36799,12,42.8,54,39,8.8,0.08,Monday,1
2018-01-30,27996,10.9,34.2,44.1,30,11.2,0.06,Tuesday,1
2018-01-31,31276,11,26.2,37,19,13.0,0,Wednesday,1
2018-02-01,35561,11.3,36.9,45,19,8.1,0,Thursday,2
2018-02-02,26313,10.9,33.4,45,21.9,13.7,0.23,Friday,2
2018-02-03,18385,12.4,22.4,39,17.1,13.5,0.18,Saturday,2
2018-02-04,13959,11.2,34.8,45,17.1,8.2,0,Sunday,2
2018-02-05,29068,12,37.4,46.9,30,12.6,1.01,Monday,2
2018-02-06,34102,11.5,31.6,41,28,6.1,0,Tuesday,2
2018-02-07,15289,10.6,32.8,46.9,28,8.3,0,Wednesday,2
2018-02-08,31564,17.4,32.8,46.9,26.1,12.9,0.85,Thursday,2
2018-02-09,31567,11.6,30.8,36,26.1,8.2,0,Friday,2
2018-02-10,16324,15,42,51.1,28,5.5,0,Saturday,2
2018-02-11,8809,11.4,45.6,60.1,37.9,4.7,0.82,Sunday,2
2018-02-12,35139,18.2,48.1,63,41,11.4,0.99,Monday,2
2018-02-13,35189,11.1,33,41,27,9.9,0,Tuesday,2
2018-02-14,39591,13.5,40.5,54,27,6.8,0.01,Wednesday,2
2018-02-15,44193,12.1,51,61,36,6.8,0.13,Thursday,2
2018-02-16,29191,12,56.1,61,44.1,9.1,0.16,Friday,2
2018-02-17,17921,15.2,36,59,30,11.3,0.05,Saturday,2
2018-02-18,21538,17.2,37.6,45,30,8.8,0.62,Sunday,2
2018-02-19,25677,12.8,41.5,48.9,33.1,5.6,0.02,Monday,2
2018-02-20,44480,17.4,53.9,70,33.1,6.9,0.03,Tuesday,2
2018-02-21,53115,30.4,61.8,79,46.9,7.7,0,Wednesday,2
2018-02-22,27010,11.1,50.6,79,37.9,10.1,0.02,Thursday,2
2018-02-23,25634,12.7,37.8,41,37,9.1,0.11,Friday,2
2018-02-24,25550,14.3,46.7,54,36,7.4,0.07,Saturday,2
2018-02-25,16150,19.7,42.3,54,39.9,9.6,0.62,Sunday,2
2018-02-26,42570,12.4,46.1,52,39.9,6.4,0.22,Monday,2
2018-02-27,48516,14.2,47.3,57,39.9,7.5,0,Tuesday,2
2018-02-28,50709,15,49.5,62.1,39.9,9.2,0,Wednesday,2
2018-03-01,45564,13.9,54.5,62.1,42.1,6.0,0,Thursday,3
2018-03-02,6855,13.5,41.9,57.9,35.6,19.1,1.47,Friday,3
2018-03-03,28364,16.4,40.6,46.9,36,20.1,0.71,Saturday,3
2018-03-04,25262,13.3,41.9,46.9,37.9,16.6,0,Sunday,3
2018-03-05,36774,11.7,37.5,44.1,35.1,15.7,0,Monday,3
2018-03-06,42689,13.2,39.5,46.9,34,8.2,0,Tuesday,3
2018-03-07,8188,10.4,36.6,41,33.8,14.7,0.1,Wednesday,3
2018-03-08,28440,11.3,37.4,42.1,34,12.7,0.8,Thursday,3
2018-03-09,34912,13,36.8,44.1,30.9,14.0,0,Friday,3
2018-03-10,25444,14.9,37.4,44.1,30.9,14.0,0,Saturday,3
2018-03-11,27597,24.7,38.9,46,33.1,10.3,0,Sunday,3
2018-03-12,36340,13.4,38.2,46,33.1,10.5,0,Monday,3
2018-03-13,23137,11,37.3,43,33.1,14.1,0.21,Tuesday,3
2018-03-14,35377,11.4,36.7,42.1,32,16.3,0.05,Wednesday,3
2018-03-15,39574,21.9,38.6,48,32,15.0,0,Thursday,3
2018-03-16,34921,12.1,37.6,48,34,16.7,0,Friday,3
2018-03-17,27672,17.9,36.4,48,28.9,14.8,0,Saturday,3
2018-03-18,25158,14.4,37.4,48,28.9,11.6,0,Sunday,3
2018-03-19,39278,12.7,39.8,46.9,30,7.0,0,Monday,3
2018-03-20,35532,11.5,35.9,46.9,30.9,9.8,0,Tuesday,3
2018-03-21,3755,12.2,35.7,39.9,30.9,15.1,0,Wednesday,3
2018-03-22,27308,11.8,39.6,51.1,32,13.8,0.64,Thursday,3
2018-03-23,38528,13.4,42.7,51.1,33.1,11.0,0.01,Friday,3
2018-03-24,34398,20.7,43.3,51.1,37,10.2,0,Saturday,3
2018-03-25,25562,13,40.4,51.1,35.1,11.0,0,Sunday,3
2018-03-26,40295,12.8,40.4,50,34,9.1,0,Monday,3
2018-03-27,41354,12.2,39.4,50,34,5.8,0,Tuesday,3
2018-03-28,42520,12.5,43.7,52,35.1,5.5,0.04,Wednesday,3
2018-03-29,39293,16.1,49.6,53.1,39,5.2,0.03,Thursday,3
2018-03-30,34787,13.9,50.1,60.1,43,6.3,0.02,Friday,3
2018-03-31,41794,26.9,47.1,60.1,39.9,10.7,0.04,Saturday,3
2018-04-01,33149,21.5,50.4,59,39.9,11.0,0,Sunday,4
2018-04-02,22063,16.4,39.8,59,32,8.1,0.4,Monday,4
2018-04-03,25881,10.7,40.8,44.1,32,7.0,0.15,Tuesday,4
2018-04-04,36753,12.2,45.9,57,39,9.3,0.28,Wednesday,4
2018-04-05,39814,13.4,41.6,57,35.1,18.2,0.11,Thursday,4
2018-04-06,35624,13.1,44.8,62.1,35.1,10.7,0,Friday,4
2018-04-07,33245,14.4,45.7,62.1,37,10.5,0.09,Saturday,4
2018-04-08,28410,14.9,38.9,48.9,33.1,12.2,0,Sunday,4
2018-04-09,40509,11.9,38.7,48.9,33.1,10.6,0,Monday,4
2018-04-10,43051,11.5,43.2,50,33.1,7.9,0,Tuesday,4
2018-04-11,48612,12.5,44.4,52,37.9,6.9,0,Wednesday,4
2018-04-12,53168,13.6,50.6,60.1,37.9,8.1,0,Thursday,4
2018-04-13,63510,24.1,65.4,82,46,11.1,0,Friday,4
2018-04-14,62597,22.9,61.6,82,51.1,9.4,0,Saturday,4
2018-04-15,20440,12.3,44.4,69.1,39,18.4,0,Sunday,4
2018-04-16,26289,13.7,46.6,61,39,18.1,1.24,Monday,4
2018-04-17,44689,11.8,46.2,61,39.9,13.8,1.62,Tuesday,4
2018-04-18,51110,13.2,44.7,55,39,11.6,0,Wednesday,4
2018-04-19,38298,11.3,46.2,55,39,9.9,0.07,Thursday,4
2018-04-20,47052,16,43.2,50,37.9,16.3,0.08,Friday,4
2018-04-21,63599,23.5,48.8,62.1,37.9,10.4,0,Saturday,4
2018-04-22,54284,21.2,55.2,64.9,41,8.1,0,Sunday,4
2018-04-23,57767,16.8,53.5,64.9,45,7.8,0,Monday,4
2018-04-24,58527,14.9,54.8,66,45,7.9,0,Tuesday,4
2018-04-25,31214,17.3,56.1,66,46,10.4,0.42,Wednesday,4
2018-04-26,66077,16.6,59.6,70,50,9.9,0.29,Thursday,4
2018-04-27,39154,12.3,54.5,70,48.9,8.1,0.17,Friday,4
2018-04-28,56745,21.1,56.7,66,48.9,6.2,0.05,Saturday,4
2018-04-29,44837,18.7,54.2,66,50,10.6,0.22,Sunday,4
2018-04-30,41075,13.2,49,57.9,44.1,15.8,0.15,Monday,4
2018-05-01,72035,17.4,60.3,82,44.1,7.8,0,Tuesday,5
2018-05-02,76773,16.6,76.9,89.1,66,10.3,0,Wednesday,5
2018-05-03,69056,20.4,82.3,93,64.9,10.8,0,Thursday,5
2018-05-04,71199,17.8,75.8,93,68,5.5,0.01,Friday,5
2018-05-05,63329,24.6,70.3,84,61,11.2,0,Saturday,5
2018-05-06,48993,17.5,62.6,75.9,57,7.6,0,Sunday,5
2018-05-07,68917,17.7,62.1,75,54,5.6,0,Monday,5
2018-05-08,74313,19,61.8,75,54,5.9,0,Tuesday,5
2018-05-09,78458,18.1,63.5,73.9,54,4.8,0,Wednesday,5
2018-05-10,67455,16.1,59.4,73.9,54,6.5,0,Thursday,5
2018-05-11,75266,19,65.1,73,55.9,8.3,0.19,Friday,5
2018-05-12,34535,16.3,59.2,73,54,7.3,0.06,Saturday,5
2018-05-13,25986,17.9,53.6,64,52,7.3,0.14,Sunday,5
2018-05-14,64729,15.9,58.4,71.1,52,5.0,0.1,Monday,5
2018-05-15,52826,16,69.1,91.9,52,9.4,0.02,Tuesday,5
2018-05-16,32766,12.5,62.9,70,55.9,6.7,0.44,Wednesday,5
2018-05-17,49789,15.3,60.2,73.4,55,6.0,0.64,Thursday,5
2018-05-18,63113,17.4,64.9,73,55,8.9,0.02,Friday,5
2018-05-19,18026,15.4,54.4,66.9,50,10.7,0.2,Saturday,5
2018-05-20,56949,23.6,66.7,84,50,7.1,0.44,Sunday,5
2018-05-21,71220,22.7,68.9,84,55,7.6,0,Monday,5
2018-05-22,48508,14,64.6,79,55.9,5.0,0,Tuesday,5
2018-05-23,72655,19.2,66.2,82,55.9,5.1,0.42,Wednesday,5
2018-05-24,74810,19.3,74.5,86,57,7.6,0.21,Thursday,5
2018-05-25,69345,20.3,77.9,89.1,66,9.6,0,Friday,5
2018-05-26,51597,33,82.3,91.9,68,9.3,0,Saturday,5
2018-05-27,25814,24,68.8,91.9,59,11.2,0.12,Sunday,5
2018-05-28,49043,22.9,60.2,82,55.9,8.3,0.41,Monday,5
2018-05-29,69090,17.1,72.8,87.1,55.9,6.0,0,Tuesday,5
2018-05-30,72321,16.6,69,87.1,63,7.8,0,Wednesday,5
2018-05-31,55794,13.9,64,77,60.1,7.1,0,Thursday,5
